order_id,customer_id,product_id,size,colour,order_date
ORD89001,C1501,SKU4440,S,Blue,2026-08-05
ORD89002,C1065,SKU4445,FREE,Green,2026-08-24
ORD89003,C1696,SKU4445,FREE,Green,2026-08-24
ORD89004,C1778,SKU4422,L,White,2026-07-12
ORD89005,C2098,SKU4450,L,White,2026-08-28
ORD89006,C2266,SKU4455,S,Black,2026-09-19
ORD89007,C1093,SKU4430,M,Mustard,2026-07-09
ORD89008,C1778,SKU4445,FREE,Red,2026-07-13
ORD89009,C1727,SKU4440,L,Black,2026-08-17
ORD89010,C1350,SKU4422,S,Blue,2026-09-20
ORD89011,C2310,SKU4422,XL,Green,2026-08-04
ORD89012,C2683,SKU4422,L,White,2026-07-30
ORD89013,C2525,SKU4430,L,Red,2026-08-01
ORD89014,C1741,SKU4422,XL,Blue,2026-08-21
ORD89015,C2763,SKU4455,XL,Blue,2026-07-07
ORD89016,C1788,SKU4440,XL,Blue,2026-07-09
ORD89017,C2396,SKU4455,L,Blue,2026-07-15
ORD89018,C1890,SKU4445,FREE,Red,2026-08-07
ORD89019,C2039,SKU4421,M,Yellow,2026-07-23
ORD89020,C2247,SKU4450,L,Peach,2026-09-03
ORD89021,C1001,SKU4430,M,Mustard,2026-09-06
ORD89022,C1490,SKU4435,S,Green,2026-08-09
ORD89023,C1542,SKU4421,L,Yellow,2026-07-22
ORD89024,C2460,SKU4440,M,Blue,2026-07-26
ORD89025,C1924,SKU4455,L,Black,2026-09-05
ORD89026,C2134,SKU4422,L,White,2026-09-14
ORD89027,C1120,SKU4422,S,Blue,2026-09-19
ORD89028,C1487,SKU4455,L,Blue,2026-09-04
ORD89029,C2180,SKU4435,M,Pink,2026-09-12
ORD89030,C1198,SKU4450,XL,White,2026-07-13
ORD89031,C2379,SKU4430,XL,Black,2026-07-07
ORD89032,C2639,SKU4440,S,White,2026-08-13
ORD89033,C1287,SKU4422,M,Blue,2026-08-27
ORD89034,C2654,SKU4422,M,White,2026-08-26
ORD89035,C2712,SKU4435,S,Pink,2026-09-08
ORD89036,C1866,SKU4455,L,Black,2026-08-06
ORD89037,C1607,SKU4445,FREE,Red,2026-07-25
ORD89038,C1117,SKU4421,XL,Pink,2026-08-10
ORD89039,C1826,SKU4421,XS,Yellow,2026-07-31
ORD89040,C1081,SKU4450,M,Peach,2026-09-15
ORD89041,C1647,SKU4430,XXL,Mustard,2026-09-05
ORD89042,C1810,SKU4422,L,White,2026-08-03
ORD89043,C1019,SKU4440,XL,White,2026-07-10
ORD89044,C1436,SKU4455,S,Blue,2026-09-07
ORD89045,C1756,SKU4421,M,Pink,2026-08-01
ORD89046,C1219,SKU4421,S,Blue,2026-07-15
ORD89047,C2469,SKU4422,L,Blue,2026-07-27
ORD89048,C1514,SKU4440,L,Blue,2026-09-01
ORD89049,C2698,SKU4450,S,Peach,2026-08-24
ORD89050,C1330,SKU4421,S,Yellow,2026-08-03
ORD89051,C1229,SKU4435,XL,Pink,2026-07-02
ORD89052,C1430,SKU4421,M,Pink,2026-08-15
ORD89053,C2271,SKU4440,L,Blue,2026-08-22
ORD89054,C1844,SKU4455,M,Blue,2026-07-23
ORD89055,C2672,SKU4450,XL,White,2026-07-26
ORD89056,C2351,SKU4430,M,Red,2026-07-04
ORD89057,C2313,SKU4430,S,Black,2026-08-14
ORD89058,C2796,SKU4440,L,Black,2026-07-15
ORD89059,C2221,SKU4422,L,White,2026-07-14
ORD89060,C2047,SKU4445,FREE,Pink,2026-09-16
ORD89061,C2451,SKU4450,M,Mustard,2026-07-06
ORD89062,C1143,SKU4435,M,Green,2026-08-25
ORD89063,C2038,SKU4455,L,Blue,2026-08-08
ORD89064,C2135,SKU4430,XL,Mustard,2026-08-07
ORD89065,C2260,SKU4430,XL,Mustard,2026-07-23
ORD89066,C1430,SKU4430,S,Black,2026-08-06
ORD89067,C1905,SKU4440,L,White,2026-08-26
ORD89068,C1581,SKU4435,M,Pink,2026-07-11
ORD89069,C2377,SKU4440,L,Black,2026-07-31
ORD89070,C1501,SKU4450,M,White,2026-07-06
ORD89071,C2289,SKU4440,S,White,2026-08-23
ORD89072,C1499,SKU4445,FREE,Pink,2026-08-21
ORD89073,C1360,SKU4440,S,White,2026-07-29
ORD89074,C1510,SKU4440,XL,Black,2026-09-10
ORD89075,C2144,SKU4421,S,Blue,2026-09-06
ORD89076,C1913,SKU4455,XL,Black,2026-09-09
ORD89077,C2539,SKU4445,FREE,Pink,2026-08-03
ORD89078,C1562,SKU4440,XL,Blue,2026-07-31
ORD89079,C1654,SKU4445,FREE,Pink,2026-08-12
ORD89080,C2421,SKU4421,S,Pink,2026-08-19
ORD89081,C2111,SKU4422,XL,Green,2026-08-12
ORD89082,C2424,SKU4421,L,Blue,2026-09-13
ORD89083,C1558,SKU4435,M,Green,2026-07-29
ORD89084,C2483,SKU4421,M,Yellow,2026-08-21
ORD89085,C1102,SKU4440,M,White,2026-07-24
ORD89086,C2558,SKU4430,XL,Black,2026-08-13
ORD89087,C1963,SKU4422,XL,Green,2026-07-11
ORD89088,C1969,SKU4450,M,White,2026-07-17
ORD89089,C2570,SKU4440,M,White,2026-08-02
ORD89090,C1221,SKU4440,S,Black,2026-08-09
ORD89091,C1155,SKU4455,XL,Black,2026-07-26
ORD89092,C2741,SKU4450,M,White,2026-08-08
ORD89093,C1877,SKU4450,S,Mustard,2026-09-07
ORD89094,C2684,SKU4421,M,Pink,2026-08-23
ORD89095,C2448,SKU4430,L,Mustard,2026-08-28
ORD89096,C2586,SKU4422,L,Blue,2026-09-07
ORD89097,C2744,SKU4430,XXL,Black,2026-08-11
ORD89098,C2536,SKU4455,L,Black,2026-08-01
ORD89099,C2012,SKU4440,XL,White,2026-07-04
ORD89100,C1697,SKU4422,M,Green,2026-08-03
ORD89101,C2058,SKU4440,L,Blue,2026-07-02
ORD89102,C2552,SKU4421,L,Blue,2026-09-10
ORD89103,C1704,SKU4440,XL,Blue,2026-09-06
ORD89104,C1554,SKU4445,FREE,Pink,2026-08-28
ORD89105,C2521,SKU4422,M,Green,2026-07-16
ORD89106,C2512,SKU4445,FREE,Red,2026-07-28
ORD89107,C1606,SKU4445,FREE,Red,2026-07-25
ORD89108,C1259,SKU4422,S,Blue,2026-09-07
ORD89109,C2778,SKU4455,L,Blue,2026-09-20
ORD89110,C1961,SKU4421,XS,Yellow,2026-08-06
ORD89111,C1233,SKU4430,S,Black,2026-08-31
ORD89112,C2405,SKU4430,S,Mustard,2026-09-19
ORD89113,C1922,SKU4450,M,Peach,2026-08-18
ORD89114,C2164,SKU4430,XXL,Black,2026-08-09
ORD89115,C1432,SKU4440,S,Black,2026-09-19
ORD89116,C1153,SKU4421,S,Pink,2026-09-09
ORD89117,C1066,SKU4430,XXL,Black,2026-08-07
ORD89118,C1541,SKU4445,FREE,Red,2026-07-30
ORD89119,C2115,SKU4440,M,White,2026-07-15
ORD89120,C1122,SKU4422,L,White,2026-07-10
ORD89121,C1254,SKU4430,XXL,Black,2026-08-26
ORD89122,C2105,SKU4430,XL,Black,2026-09-03
ORD89123,C2236,SKU4421,XS,Blue,2026-08-11
ORD89124,C2566,SKU4421,XL,Yellow,2026-07-03
ORD89125,C2062,SKU4422,S,White,2026-08-30
ORD89126,C2667,SKU4455,M,Black,2026-09-20
ORD89127,C1657,SKU4421,M,Blue,2026-08-12
ORD89128,C1590,SKU4450,L,Mustard,2026-09-02
ORD89129,C1180,SKU4430,XXL,Red,2026-08-28
ORD89130,C2346,SKU4430,XL,Mustard,2026-07-01
ORD89131,C1740,SKU4435,S,Maroon,2026-09-05
ORD89132,C1546,SKU4435,XL,Maroon,2026-07-27
ORD89133,C1059,SKU4455,XL,Black,2026-07-16
ORD89134,C1636,SKU4440,M,Blue,2026-07-21
ORD89135,C1945,SKU4435,S,Maroon,2026-07-15
ORD89136,C2042,SKU4440,M,White,2026-08-07
ORD89137,C1935,SKU4430,XL,Black,2026-08-01
ORD89138,C2769,SKU4430,XXL,Mustard,2026-07-18
ORD89139,C2103,SKU4450,XL,White,2026-08-27
ORD89140,C1659,SKU4430,XXL,Black,2026-08-28
ORD89141,C2753,SKU4455,M,Black,2026-07-30
ORD89142,C1790,SKU4421,L,Yellow,2026-08-18
ORD89143,C1258,SKU4450,M,Mustard,2026-07-05
ORD89144,C2077,SKU4440,S,White,2026-07-13
ORD89145,C1316,SKU4421,S,Blue,2026-09-22
ORD89146,C2786,SKU4430,L,Mustard,2026-09-01
ORD89147,C1465,SKU4440,M,Blue,2026-08-06
ORD89148,C1908,SKU4430,S,Mustard,2026-07-13
ORD89149,C2630,SKU4430,S,Red,2026-08-11
ORD89150,C1293,SKU4440,M,White,2026-09-13
ORD89151,C2647,SKU4440,XL,White,2026-07-02
ORD89152,C1904,SKU4430,XXL,Red,2026-07-10
ORD89153,C1935,SKU4455,L,Black,2026-08-02
ORD89154,C1485,SKU4422,XL,Green,2026-07-14
ORD89155,C1044,SKU4430,L,Mustard,2026-08-07
ORD89156,C2771,SKU4440,L,Black,2026-09-11
ORD89157,C2705,SKU4445,FREE,Green,2026-09-02
ORD89158,C1448,SKU4430,M,Mustard,2026-08-15
ORD89159,C2285,SKU4440,M,Blue,2026-07-13
ORD89160,C1747,SKU4430,XL,Red,2026-09-13
ORD89161,C1359,SKU4421,M,Blue,2026-08-23
ORD89162,C1959,SKU4455,L,Black,2026-07-15
ORD89163,C2732,SKU4422,M,Blue,2026-08-20
ORD89164,C2098,SKU4430,XL,Red,2026-08-03
ORD89165,C2684,SKU4430,L,Mustard,2026-08-18
ORD89166,C2268,SKU4430,M,Black,2026-07-04
ORD89167,C2301,SKU4440,M,Blue,2026-07-09
ORD89168,C1286,SKU4455,L,Black,2026-07-15
ORD89169,C1849,SKU4440,XL,Blue,2026-07-20
ORD89170,C2413,SKU4450,XL,Mustard,2026-07-05
ORD89171,C2404,SKU4430,M,Black,2026-07-13
ORD89172,C1565,SKU4455,L,Blue,2026-08-20
ORD89173,C1434,SKU4421,L,Pink,2026-09-23
ORD89174,C1498,SKU4440,S,Black,2026-08-12
ORD89175,C1424,SKU4450,M,White,2026-09-09
ORD89176,C2615,SKU4450,M,Mustard,2026-07-19
ORD89177,C1513,SKU4421,S,Pink,2026-09-08
ORD89178,C1733,SKU4421,XS,Pink,2026-07-02
ORD89179,C1543,SKU4422,L,White,2026-07-23
ORD89180,C2067,SKU4422,S,Blue,2026-09-23
ORD89181,C2735,SKU4440,S,Black,2026-08-31
ORD89182,C1150,SKU4440,XL,Blue,2026-08-26
ORD89183,C1563,SKU4430,M,Red,2026-07-17
ORD89184,C2086,SKU4440,L,White,2026-09-15
ORD89185,C2746,SKU4435,XL,Maroon,2026-07-15
ORD89186,C1467,SKU4450,M,Mustard,2026-08-27
ORD89187,C1640,SKU4450,XL,Mustard,2026-07-13
ORD89188,C1137,SKU4440,L,Black,2026-08-30
ORD89189,C2662,SKU4421,L,Pink,2026-08-17
ORD89190,C1639,SKU4430,S,Black,2026-09-15
ORD89191,C1987,SKU4440,M,Black,2026-09-23
ORD89192,C2561,SKU4421,XL,Blue,2026-07-15
ORD89193,C2256,SKU4422,XL,Blue,2026-09-18
ORD89194,C1559,SKU4435,L,Maroon,2026-07-24
ORD89195,C1371,SKU4430,L,Black,2026-07-01
ORD89196,C2517,SKU4440,XL,Black,2026-07-19
ORD89197,C1859,SKU4421,XL,Pink,2026-08-18
ORD89198,C2590,SKU4422,L,Blue,2026-08-11
ORD89199,C2545,SKU4440,S,Black,2026-07-21
ORD89200,C1868,SKU4440,L,White,2026-09-23
ORD89201,C1233,SKU4430,L,Red,2026-09-04
ORD89202,C2366,SKU4421,XL,Blue,2026-09-06
ORD89203,C1617,SKU4422,S,White,2026-07-27
ORD89204,C1245,SKU4445,FREE,Pink,2026-08-11
ORD89205,C2179,SKU4430,XL,Red,2026-08-10
ORD89206,C1829,SKU4430,XL,Black,2026-07-15
ORD89207,C1810,SKU4430,XL,Mustard,2026-07-11
ORD89208,C1156,SKU4445,FREE,Pink,2026-07-22
ORD89209,C1719,SKU4421,XL,Pink,2026-08-14
ORD89210,C1299,SKU4450,M,White,2026-07-14
ORD89211,C1362,SKU4422,M,Blue,2026-07-10
ORD89212,C1919,SKU4440,XL,Blue,2026-09-13
ORD89213,C1309,SKU4450,L,Peach,2026-08-10
ORD89214,C1115,SKU4435,L,Green,2026-09-14
ORD89215,C1116,SKU4421,L,Blue,2026-07-05
ORD89216,C2334,SKU4445,FREE,Pink,2026-09-12
ORD89217,C1211,SKU4440,M,Black,2026-08-27
ORD89218,C1353,SKU4450,S,Peach,2026-09-21
ORD89219,C1685,SKU4445,FREE,Green,2026-09-21
ORD89220,C2218,SKU4455,L,Black,2026-07-17
ORD89221,C2621,SKU4421,XL,Blue,2026-09-21
ORD89222,C2373,SKU4421,XL,Pink,2026-09-21
ORD89223,C1438,SKU4430,L,Black,2026-07-24
ORD89224,C1317,SKU4445,FREE,Red,2026-07-18
ORD89225,C1370,SKU4421,L,Pink,2026-07-21
ORD89226,C1089,SKU4445,FREE,Green,2026-08-26
ORD89227,C1583,SKU4440,M,White,2026-09-17
ORD89228,C1633,SKU4450,M,Peach,2026-07-31
ORD89229,C1902,SKU4450,M,Mustard,2026-09-12
ORD89230,C1857,SKU4430,XL,Mustard,2026-09-06
ORD89231,C2313,SKU4450,M,Mustard,2026-07-07
ORD89232,C2743,SKU4430,S,Mustard,2026-09-05
ORD89233,C2051,SKU4421,S,Blue,2026-08-27
ORD89234,C1054,SKU4430,M,Black,2026-08-14
ORD89235,C1167,SKU4430,L,Red,2026-08-19
ORD89236,C1686,SKU4421,XS,Yellow,2026-09-22
ORD89237,C2554,SKU4421,M,Blue,2026-07-18
ORD89238,C1524,SKU4430,S,Red,2026-07-03
ORD89239,C1486,SKU4422,XL,White,2026-08-06
ORD89240,C1936,SKU4421,L,Yellow,2026-09-18
ORD89241,C1383,SKU4440,M,Blue,2026-08-23
ORD89242,C2114,SKU4421,M,Pink,2026-09-06
ORD89243,C1089,SKU4455,S,Black,2026-08-30
ORD89244,C2614,SKU4455,L,Blue,2026-08-15
ORD89245,C2293,SKU4422,XL,Blue,2026-08-31
ORD89246,C1412,SKU4421,L,Pink,2026-08-07
ORD89247,C2765,SKU4421,S,Blue,2026-08-15
ORD89248,C2637,SKU4450,L,Mustard,2026-07-16
ORD89249,C1382,SKU4450,XL,Mustard,2026-08-13
ORD89250,C1161,SKU4435,L,Maroon,2026-08-24
ORD89251,C1210,SKU4455,M,Black,2026-08-11
ORD89252,C1831,SKU4422,S,White,2026-09-20
ORD89253,C2738,SKU4450,M,White,2026-07-19
ORD89254,C1483,SKU4450,S,White,2026-07-09
ORD89255,C2239,SKU4430,XL,Mustard,2026-07-05
ORD89256,C2562,SKU4430,L,Black,2026-08-26
ORD89257,C2441,SKU4455,S,Black,2026-08-03
ORD89258,C1251,SKU4455,L,Black,2026-07-26
ORD89259,C1179,SKU4421,S,Yellow,2026-08-26
ORD89260,C2126,SKU4455,L,Black,2026-07-09
ORD89261,C1356,SKU4450,M,Peach,2026-09-20
ORD89262,C1484,SKU4435,S,Maroon,2026-07-18
ORD89263,C1957,SKU4421,XL,Yellow,2026-08-17
ORD89264,C1815,SKU4435,S,Maroon,2026-08-09
ORD89265,C1151,SKU4445,FREE,Pink,2026-09-12
ORD89266,C2392,SKU4430,S,Black,2026-08-29
ORD89267,C1372,SKU4421,XL,Yellow,2026-09-14
ORD89268,C2061,SKU4421,XL,Pink,2026-07-16
ORD89269,C1708,SKU4422,L,Blue,2026-07-29
ORD89270,C1402,SKU4435,L,Maroon,2026-08-02
ORD89271,C2258,SKU4435,M,Pink,2026-08-08
ORD89272,C1315,SKU4435,M,Pink,2026-09-13
ORD89273,C2570,SKU4445,FREE,Green,2026-07-27
ORD89274,C2117,SKU4440,S,White,2026-09-19
ORD89275,C1609,SKU4455,XL,Blue,2026-08-21
ORD89276,C1991,SKU4440,M,White,2026-08-23
ORD89277,C2503,SKU4430,M,Black,2026-08-10
ORD89278,C2054,SKU4430,XL,Red,2026-08-17
ORD89279,C1920,SKU4430,XL,Red,2026-08-04
ORD89280,C1856,SKU4421,M,Blue,2026-09-17
ORD89281,C1184,SKU4435,L,Green,2026-07-03
ORD89282,C1722,SKU4435,M,Maroon,2026-09-13
ORD89283,C2564,SKU4430,L,Mustard,2026-08-16
ORD89284,C1398,SKU4421,XS,Yellow,2026-09-10
ORD89285,C2565,SKU4430,XL,Mustard,2026-08-27
ORD89286,C1806,SKU4450,S,White,2026-07-13
ORD89287,C2233,SKU4455,L,Blue,2026-07-26
ORD89288,C2461,SKU4435,S,Maroon,2026-07-18
ORD89289,C2055,SKU4435,XL,Maroon,2026-09-16
ORD89290,C1754,SKU4445,FREE,Pink,2026-07-03
ORD89291,C2631,SKU4421,L,Yellow,2026-08-09
ORD89292,C1543,SKU4450,S,Peach,2026-08-30
ORD89293,C2195,SKU4450,M,Peach,2026-07-07
ORD89294,C1064,SKU4435,XL,Maroon,2026-08-01
ORD89295,C1642,SKU4445,FREE,Red,2026-08-26
ORD89296,C2587,SKU4430,M,Black,2026-09-03
ORD89297,C2062,SKU4435,S,Pink,2026-07-18
ORD89298,C1393,SKU4430,L,Mustard,2026-08-31
ORD89299,C2579,SKU4422,L,White,2026-08-08
ORD89300,C1714,SKU4422,XL,Green,2026-08-31
ORD89301,C2174,SKU4455,L,Black,2026-07-16
ORD89302,C1594,SKU4430,XL,Black,2026-07-19
ORD89303,C2517,SKU4440,M,Black,2026-09-17
ORD89304,C1107,SKU4422,M,Blue,2026-07-30
ORD89305,C1010,SKU4430,XL,Red,2026-07-18
ORD89306,C2798,SKU4455,M,Black,2026-09-22
ORD89307,C2322,SKU4440,L,White,2026-08-06
ORD89308,C1381,SKU4455,S,Black,2026-09-02
ORD89309,C1611,SKU4455,L,Blue,2026-07-02
ORD89310,C2313,SKU4421,M,Blue,2026-08-28
ORD89311,C1558,SKU4435,M,Pink,2026-08-29
ORD89312,C2753,SKU4440,M,Black,2026-09-17
ORD89313,C1177,SKU4430,XL,Mustard,2026-08-11
ORD89314,C1508,SKU4421,S,Blue,2026-08-11
ORD89315,C1327,SKU4421,XS,Blue,2026-08-09
ORD89316,C2308,SKU4435,L,Pink,2026-07-16
ORD89317,C1273,SKU4430,XXL,Red,2026-07-29
ORD89318,C2437,SKU4430,XXL,Black,2026-08-23
ORD89319,C2788,SKU4435,M,Maroon,2026-09-15
ORD89320,C1229,SKU4435,L,Maroon,2026-09-11
ORD89321,C1912,SKU4422,XL,White,2026-09-04
ORD89322,C2154,SKU4430,XXL,Black,2026-08-28
ORD89323,C2108,SKU4421,L,Blue,2026-07-09
ORD89324,C1587,SKU4455,S,Black,2026-07-05
ORD89325,C1918,SKU4445,FREE,Pink,2026-08-18
ORD89326,C2791,SKU4455,XL,Blue,2026-09-23
ORD89327,C2100,SKU4440,L,Black,2026-07-23
ORD89328,C1611,SKU4421,S,Pink,2026-07-03
ORD89329,C2686,SKU4445,FREE,Green,2026-08-18
ORD89330,C2792,SKU4435,M,Green,2026-07-25
ORD89331,C1492,SKU4421,L,Yellow,2026-07-03
ORD89332,C1592,SKU4435,S,Maroon,2026-09-03
ORD89333,C1124,SKU4435,XL,Green,2026-08-05
ORD89334,C2138,SKU4440,M,Blue,2026-08-24
ORD89335,C1836,SKU4455,XL,Black,2026-08-23
ORD89336,C2739,SKU4430,XXL,Black,2026-07-31
ORD89337,C2151,SKU4450,M,Mustard,2026-07-08
ORD89338,C1497,SKU4430,XXL,Red,2026-08-19
ORD89339,C1189,SKU4430,S,Black,2026-08-17
ORD89340,C2379,SKU4450,S,Mustard,2026-08-18
ORD89341,C2483,SKU4421,XS,Pink,2026-09-14
ORD89342,C1031,SKU4422,M,Green,2026-08-08
ORD89343,C1496,SKU4422,S,Blue,2026-08-31
ORD89344,C1658,SKU4445,FREE,Red,2026-09-09
ORD89345,C1631,SKU4430,XXL,Mustard,2026-08-15
ORD89346,C2644,SKU4435,XL,Green,2026-07-13
ORD89347,C1640,SKU4435,L,Maroon,2026-08-17
ORD89348,C1033,SKU4440,M,Blue,2026-07-19
ORD89349,C1401,SKU4455,XL,Black,2026-07-20
ORD89350,C2340,SKU4430,M,Black,2026-09-09
ORD89351,C2514,SKU4430,XL,Mustard,2026-09-21
ORD89352,C2475,SKU4422,L,White,2026-07-18
ORD89353,C2718,SKU4422,S,Blue,2026-07-05
ORD89354,C1281,SKU4455,S,Blue,2026-08-22
ORD89355,C2035,SKU4422,M,White,2026-07-28
ORD89356,C1999,SKU4421,XL,Blue,2026-09-23
ORD89357,C2073,SKU4450,M,White,2026-07-13
ORD89358,C2628,SKU4422,L,Green,2026-08-04
ORD89359,C1498,SKU4430,XL,Black,2026-09-11
ORD89360,C2555,SKU4422,S,Blue,2026-09-22
ORD89361,C1470,SKU4430,S,Mustard,2026-07-06
ORD89362,C1152,SKU4450,XL,Mustard,2026-07-06
ORD89363,C1067,SKU4430,XXL,Mustard,2026-09-23
ORD89364,C1295,SKU4450,S,White,2026-09-14
ORD89365,C1332,SKU4445,FREE,Red,2026-08-08
ORD89366,C1679,SKU4440,XL,Blue,2026-09-08
ORD89367,C1109,SKU4445,FREE,Green,2026-08-14
ORD89368,C2574,SKU4422,S,Green,2026-09-16
ORD89369,C1559,SKU4440,L,Black,2026-09-20
ORD89370,C1768,SKU4430,M,Black,2026-09-09
ORD89371,C1604,SKU4440,XL,Black,2026-09-18
ORD89372,C1778,SKU4445,FREE,Pink,2026-07-20
ORD89373,C1218,SKU4440,XL,White,2026-08-16
ORD89374,C1209,SKU4455,XL,Black,2026-08-04
ORD89375,C2049,SKU4422,XL,Blue,2026-09-10
ORD89376,C2222,SKU4421,M,Yellow,2026-07-12
ORD89377,C1847,SKU4430,XL,Red,2026-08-07
ORD89378,C2067,SKU4421,XL,Pink,2026-09-12
ORD89379,C1549,SKU4430,M,Black,2026-08-08
ORD89380,C1613,SKU4421,L,Blue,2026-08-23
ORD89381,C2015,SKU4421,M,Pink,2026-09-19
ORD89382,C1013,SKU4422,S,White,2026-08-08
ORD89383,C1901,SKU4430,XXL,Black,2026-08-12
ORD89384,C2235,SKU4450,M,Mustard,2026-08-11
ORD89385,C1653,SKU4422,L,White,2026-08-20
ORD89386,C1667,SKU4440,XL,Blue,2026-08-01
ORD89387,C2154,SKU4450,XL,Mustard,2026-07-15
ORD89388,C1285,SKU4421,L,Yellow,2026-09-02
ORD89389,C2616,SKU4422,M,Blue,2026-08-24
ORD89390,C1820,SKU4430,XXL,Black,2026-09-13
ORD89391,C2436,SKU4455,XL,Blue,2026-08-16
ORD89392,C2346,SKU4435,S,Maroon,2026-08-01
ORD89393,C2387,SKU4422,S,Blue,2026-09-21
ORD89394,C1021,SKU4455,L,Black,2026-07-14
ORD89395,C1801,SKU4422,M,Green,2026-08-17
ORD89396,C1988,SKU4440,M,White,2026-07-04
ORD89397,C1713,SKU4430,S,Red,2026-07-19
ORD89398,C1713,SKU4430,M,Mustard,2026-08-31
ORD89399,C1614,SKU4430,XL,Black,2026-07-09
ORD89400,C2289,SKU4435,XL,Maroon,2026-08-21
ORD89401,C2182,SKU4422,L,Blue,2026-07-09
ORD89402,C1403,SKU4450,M,Mustard,2026-08-11
ORD89403,C1641,SKU4422,XL,Blue,2026-09-20
ORD89404,C2731,SKU4440,S,White,2026-08-15
ORD89405,C1173,SKU4422,L,Blue,2026-09-14
ORD89406,C1374,SKU4430,M,Black,2026-07-15
ORD89407,C1282,SKU4422,XL,Green,2026-09-15
ORD89408,C2420,SKU4430,XL,Mustard,2026-09-07
ORD89409,C1591,SKU4455,M,Blue,2026-09-01
ORD89410,C2772,SKU4430,XL,Mustard,2026-07-07
ORD89411,C2150,SKU4421,S,Pink,2026-08-19
ORD89412,C2000,SKU4435,XL,Green,2026-08-26
ORD89413,C1231,SKU4450,XL,Peach,2026-09-04
ORD89414,C2556,SKU4422,L,Blue,2026-07-06
ORD89415,C2538,SKU4435,XL,Maroon,2026-09-22
ORD89416,C1713,SKU4450,S,Mustard,2026-08-03
ORD89417,C2660,SKU4421,XS,Pink,2026-07-27
ORD89418,C1285,SKU4440,XL,Black,2026-09-17
ORD89419,C2090,SKU4450,S,Peach,2026-08-14
ORD89420,C1592,SKU4435,L,Pink,2026-08-07
ORD89421,C1121,SKU4455,S,Blue,2026-08-22
ORD89422,C1511,SKU4450,M,Peach,2026-07-17
ORD89423,C2002,SKU4430,M,Mustard,2026-08-20
ORD89424,C1154,SKU4440,XL,White,2026-08-27
ORD89425,C2535,SKU4450,S,Mustard,2026-09-04
ORD89426,C1446,SKU4440,S,Blue,2026-08-20
ORD89427,C2696,SKU4450,XL,Mustard,2026-08-11
ORD89428,C2410,SKU4430,S,Black,2026-07-26
ORD89429,C1191,SKU4450,L,White,2026-08-05
ORD89430,C1338,SKU4422,L,Blue,2026-09-22
ORD89431,C1463,SKU4422,S,White,2026-09-14
ORD89432,C2673,SKU4430,S,Mustard,2026-08-13
ORD89433,C1468,SKU4450,M,Mustard,2026-07-10
ORD89434,C1752,SKU4445,FREE,Red,2026-08-10
ORD89435,C1140,SKU4421,S,Yellow,2026-07-19
ORD89436,C2479,SKU4421,S,Blue,2026-08-14
ORD89437,C2761,SKU4445,FREE,Green,2026-08-26
ORD89438,C2495,SKU4450,M,White,2026-09-14
ORD89439,C1567,SKU4455,L,Blue,2026-08-01
ORD89440,C2736,SKU4422,L,Blue,2026-07-04
ORD89441,C2043,SKU4450,M,Peach,2026-09-16
ORD89442,C1790,SKU4430,S,Red,2026-09-02
ORD89443,C1739,SKU4435,S,Pink,2026-07-02
ORD89444,C2118,SKU4421,XL,Blue,2026-08-16
ORD89445,C1138,SKU4445,FREE,Red,2026-09-14
ORD89446,C1168,SKU4445,FREE,Green,2026-08-21
ORD89447,C1634,SKU4435,M,Green,2026-07-11
ORD89448,C2494,SKU4440,S,White,2026-08-25
ORD89449,C1237,SKU4422,M,White,2026-08-25
ORD89450,C2516,SKU4440,L,Blue,2026-09-23
ORD89451,C1335,SKU4421,S,Yellow,2026-07-02
ORD89452,C1341,SKU4430,XXL,Mustard,2026-08-03
ORD89453,C2579,SKU4445,FREE,Green,2026-07-16
ORD89454,C1130,SKU4430,XL,Black,2026-09-06
ORD89455,C2046,SKU4455,S,Black,2026-08-28
ORD89456,C1522,SKU4435,M,Green,2026-07-21
ORD89457,C1005,SKU4450,S,White,2026-09-04
ORD89458,C1508,SKU4450,XL,White,2026-08-11
ORD89459,C1763,SKU4445,FREE,Red,2026-09-12
ORD89460,C2647,SKU4440,S,Black,2026-07-29
ORD89461,C2773,SKU4421,L,Pink,2026-08-29
ORD89462,C2582,SKU4422,L,Blue,2026-09-02
ORD89463,C1839,SKU4445,FREE,Red,2026-07-01
ORD89464,C1487,SKU4445,FREE,Red,2026-09-06
ORD89465,C1089,SKU4455,M,Black,2026-07-12
ORD89466,C1938,SKU4450,XL,Peach,2026-08-17
ORD89467,C2305,SKU4421,XS,Yellow,2026-07-18
ORD89468,C2356,SKU4421,XL,Pink,2026-08-25
ORD89469,C2435,SKU4422,L,Green,2026-08-20
ORD89470,C1152,SKU4430,XL,Black,2026-07-30
ORD89471,C1216,SKU4421,XL,Pink,2026-07-20
ORD89472,C1733,SKU4435,XL,Maroon,2026-09-07
ORD89473,C2745,SKU4422,L,Green,2026-08-03
ORD89474,C1082,SKU4422,L,Blue,2026-09-16
ORD89475,C1728,SKU4450,M,White,2026-08-01
ORD89476,C1063,SKU4421,M,Blue,2026-07-23
ORD89477,C1208,SKU4450,M,White,2026-08-29
ORD89478,C1267,SKU4421,XS,Pink,2026-07-29
ORD89479,C1530,SKU4430,S,Mustard,2026-09-14
ORD89480,C1908,SKU4421,XS,Pink,2026-09-21
ORD89481,C1944,SKU4421,M,Pink,2026-07-06
ORD89482,C1304,SKU4455,L,Black,2026-08-27
ORD89483,C2642,SKU4430,XXL,Red,2026-09-19
ORD89484,C1982,SKU4421,L,Yellow,2026-08-15
ORD89485,C1368,SKU4435,L,Green,2026-08-04
ORD89486,C1493,SKU4455,S,Blue,2026-09-23
ORD89487,C2733,SKU4450,S,White,2026-09-12
ORD89488,C2213,SKU4430,M,Red,2026-07-31
ORD89489,C2440,SKU4445,FREE,Green,2026-07-04
ORD89490,C2110,SKU4455,M,Blue,2026-09-02
ORD89491,C2232,SKU4435,S,Maroon,2026-07-30
ORD89492,C2585,SKU4421,S,Yellow,2026-07-19
ORD89493,C2442,SKU4435,L,Maroon,2026-08-17
ORD89494,C1660,SKU4430,S,Black,2026-08-08
ORD89495,C2329,SKU4422,XL,Blue,2026-09-01
ORD89496,C2668,SKU4445,FREE,Red,2026-09-14
ORD89497,C2492,SKU4430,L,Red,2026-07-23
ORD89498,C1288,SKU4455,M,Blue,2026-09-02
ORD89499,C2302,SKU4421,M,Blue,2026-07-22
ORD89500,C1543,SKU4421,M,Blue,2026-07-02
ORD89501,C1207,SKU4450,L,Peach,2026-08-18
ORD89502,C1150,SKU4450,M,White,2026-08-27
ORD89503,C1214,SKU4421,XS,Blue,2026-08-03
ORD89504,C2243,SKU4445,FREE,Green,2026-07-22
ORD89505,C1389,SKU4422,S,Green,2026-07-27
ORD89506,C1609,SKU4435,L,Pink,2026-08-06
ORD89507,C1052,SKU4450,XL,White,2026-07-13
ORD89508,C1631,SKU4440,S,White,2026-07-15
ORD89509,C2114,SKU4435,L,Maroon,2026-09-21
ORD89510,C1912,SKU4430,XL,Black,2026-07-24
ORD89511,C2133,SKU4440,XL,Blue,2026-07-30
ORD89512,C2058,SKU4421,XS,Yellow,2026-09-12
ORD89513,C1354,SKU4440,M,Black,2026-08-27
ORD89514,C1087,SKU4422,M,White,2026-07-17
ORD89515,C1302,SKU4455,XL,Blue,2026-09-19
ORD89516,C2139,SKU4422,S,White,2026-08-19
ORD89517,C2788,SKU4430,L,Mustard,2026-08-28
ORD89518,C2596,SKU4455,S,Blue,2026-09-11
ORD89519,C1540,SKU4430,XXL,Black,2026-08-22
ORD89520,C1564,SKU4435,XL,Maroon,2026-07-23
ORD89521,C2800,SKU4440,XL,Black,2026-08-20
ORD89522,C1041,SKU4422,XL,Green,2026-08-17
ORD89523,C2757,SKU4450,L,Mustard,2026-09-01
ORD89524,C2523,SKU4421,S,Pink,2026-08-08
ORD89525,C2238,SKU4450,L,Peach,2026-08-23
ORD89526,C2555,SKU4422,M,Green,2026-09-01
ORD89527,C1134,SKU4430,S,Mustard,2026-07-21
ORD89528,C1059,SKU4435,M,Pink,2026-09-11
ORD89529,C1495,SKU4435,S,Pink,2026-07-04
ORD89530,C2129,SKU4440,M,White,2026-09-14
ORD89531,C1583,SKU4422,L,Blue,2026-07-12
ORD89532,C2770,SKU4422,XL,Blue,2026-07-03
ORD89533,C2325,SKU4445,FREE,Pink,2026-07-17
ORD89534,C2648,SKU4450,M,Mustard,2026-09-16
ORD89535,C2744,SKU4445,FREE,Pink,2026-08-18
ORD89536,C2688,SKU4422,XL,Green,2026-09-05
ORD89537,C2727,SKU4440,S,Blue,2026-09-23
ORD89538,C1986,SKU4440,L,White,2026-07-14
ORD89539,C2394,SKU4450,XL,Peach,2026-08-10
ORD89540,C1857,SKU4421,L,Blue,2026-08-03
ORD89541,C2405,SKU4445,FREE,Pink,2026-07-29
ORD89542,C2731,SKU4450,L,Peach,2026-08-08
ORD89543,C1964,SKU4440,M,White,2026-07-13
ORD89544,C2340,SKU4422,M,Blue,2026-08-12
ORD89545,C2195,SKU4450,XL,White,2026-09-20
ORD89546,C1245,SKU4440,XL,Black,2026-09-03
ORD89547,C2783,SKU4430,L,Black,2026-07-07
ORD89548,C2166,SKU4421,S,Blue,2026-08-22
ORD89549,C2595,SKU4455,M,Black,2026-07-24
ORD89550,C1265,SKU4422,M,Green,2026-07-12
ORD89551,C1785,SKU4440,XL,White,2026-08-31
ORD89552,C1639,SKU4440,M,Black,2026-08-14
ORD89553,C1133,SKU4430,XXL,Black,2026-07-22
ORD89554,C2221,SKU4430,L,Black,2026-09-05
ORD89555,C1735,SKU4430,M,Black,2026-09-01
ORD89556,C1459,SKU4422,XL,White,2026-07-30
ORD89557,C1346,SKU4421,XS,Yellow,2026-09-03
ORD89558,C1523,SKU4445,FREE,Pink,2026-09-20
ORD89559,C2338,SKU4440,S,Blue,2026-07-14
ORD89560,C1778,SKU4421,XS,Blue,2026-08-26
ORD89561,C1019,SKU4422,M,White,2026-09-19
ORD89562,C2435,SKU4440,L,Blue,2026-09-16
ORD89563,C1241,SKU4450,S,Peach,2026-09-18
ORD89564,C1409,SKU4450,XL,White,2026-09-16
ORD89565,C1604,SKU4450,M,Mustard,2026-08-22
ORD89566,C1305,SKU4421,XS,Yellow,2026-09-02
ORD89567,C1524,SKU4445,FREE,Green,2026-07-13
ORD89568,C1102,SKU4430,L,Black,2026-08-29
ORD89569,C2641,SKU4422,S,Green,2026-08-16
ORD89570,C1019,SKU4430,S,Red,2026-07-06
ORD89571,C1896,SKU4440,M,White,2026-08-15
ORD89572,C1374,SKU4422,S,Green,2026-08-13
ORD89573,C2412,SKU4430,XL,Black,2026-08-19
ORD89574,C2425,SKU4450,M,White,2026-07-17
ORD89575,C2209,SKU4455,M,Blue,2026-08-23
ORD89576,C1777,SKU4440,XL,Black,2026-09-17
ORD89577,C1231,SKU4440,M,White,2026-09-01
ORD89578,C1643,SKU4430,S,Black,2026-09-22
ORD89579,C2488,SKU4435,S,Green,2026-09-23
ORD89580,C2255,SKU4430,XL,Red,2026-09-10
ORD89581,C2317,SKU4455,S,Blue,2026-09-09
ORD89582,C2640,SKU4450,S,Mustard,2026-08-26
ORD89583,C1243,SKU4421,L,Blue,2026-08-10
ORD89584,C1844,SKU4445,FREE,Red,2026-08-21
ORD89585,C2672,SKU4440,L,White,2026-07-07
ORD89586,C1968,SKU4430,XXL,Mustard,2026-09-15
ORD89587,C2555,SKU4430,XL,Red,2026-07-13
ORD89588,C2121,SKU4421,M,Yellow,2026-08-07
ORD89589,C1287,SKU4445,FREE,Red,2026-09-02
ORD89590,C2251,SKU4445,FREE,Red,2026-08-02
ORD89591,C2688,SKU4421,L,Pink,2026-08-28
ORD89592,C2296,SKU4445,FREE,Pink,2026-07-06
ORD89593,C2206,SKU4440,XL,White,2026-09-23
ORD89594,C2507,SKU4421,L,Pink,2026-09-06
ORD89595,C2032,SKU4421,XL,Yellow,2026-08-11
ORD89596,C1560,SKU4430,XXL,Mustard,2026-08-01
ORD89597,C1282,SKU4430,L,Black,2026-07-18
ORD89598,C2762,SKU4445,FREE,Green,2026-09-09
ORD89599,C2278,SKU4445,FREE,Red,2026-07-27
ORD89600,C1364,SKU4440,M,Blue,2026-09-22
ORD89601,C2558,SKU4440,L,Blue,2026-07-15
ORD89602,C1585,SKU4435,XL,Pink,2026-09-07
ORD89603,C1051,SKU4430,S,Mustard,2026-07-14
ORD89604,C2536,SKU4421,XS,Pink,2026-08-04
ORD89605,C2414,SKU4455,L,Blue,2026-07-08
ORD89606,C1209,SKU4422,S,Green,2026-08-27
ORD89607,C2149,SKU4440,M,Blue,2026-09-21
ORD89608,C1781,SKU4435,L,Pink,2026-07-07
ORD89609,C2523,SKU4455,L,Blue,2026-07-02
ORD89610,C2443,SKU4440,XL,Black,2026-09-20
ORD89611,C1402,SKU4430,XXL,Mustard,2026-09-16
ORD89612,C2398,SKU4455,L,Black,2026-07-23
ORD89613,C1955,SKU4422,L,White,2026-08-12
ORD89614,C1104,SKU4422,M,Green,2026-09-15
ORD89615,C2126,SKU4440,L,White,2026-09-12
ORD89616,C1376,SKU4450,L,Peach,2026-07-29
ORD89617,C2099,SKU4450,M,Mustard,2026-09-08
ORD89618,C1678,SKU4430,M,Mustard,2026-08-12
ORD89619,C1018,SKU4422,XL,Blue,2026-09-22
ORD89620,C2272,SKU4430,M,Mustard,2026-09-17
ORD89621,C1790,SKU4421,M,Blue,2026-07-15
ORD89622,C2583,SKU4422,S,White,2026-07-22
ORD89623,C2584,SKU4421,XS,Pink,2026-09-19
ORD89624,C2697,SKU4440,S,Black,2026-09-07
ORD89625,C1048,SKU4455,XL,Blue,2026-07-20
ORD89626,C1364,SKU4430,S,Red,2026-07-07
ORD89627,C1794,SKU4435,M,Green,2026-08-22
ORD89628,C2378,SKU4430,L,Red,2026-08-19
ORD89629,C1093,SKU4421,XL,Pink,2026-09-13
ORD89630,C2611,SKU4421,XL,Pink,2026-08-07
ORD89631,C1809,SKU4440,L,White,2026-08-18
ORD89632,C1279,SKU4421,S,Yellow,2026-07-29
ORD89633,C1610,SKU4450,L,Peach,2026-07-19
ORD89634,C2791,SKU4455,L,Blue,2026-09-09
ORD89635,C1807,SKU4421,XS,Yellow,2026-09-15
ORD89636,C1433,SKU4455,L,Blue,2026-08-14
ORD89637,C1452,SKU4440,M,Black,2026-07-24
ORD89638,C2745,SKU4422,S,White,2026-09-11
ORD89639,C1262,SKU4445,FREE,Pink,2026-08-15
ORD89640,C1396,SKU4422,L,Blue,2026-07-09
ORD89641,C2420,SKU4430,XXL,Mustard,2026-08-09
ORD89642,C1345,SKU4440,L,White,2026-08-24
ORD89643,C2129,SKU4435,L,Green,2026-09-01
ORD89644,C1063,SKU4445,FREE,Green,2026-09-19
ORD89645,C1533,SKU4440,M,Black,2026-09-09
ORD89646,C1803,SKU4455,XL,Blue,2026-08-16
ORD89647,C2026,SKU4445,FREE,Red,2026-08-29
ORD89648,C1489,SKU4430,XXL,Red,2026-09-23
ORD89649,C1913,SKU4450,M,Peach,2026-07-18
ORD89650,C1734,SKU4440,M,Blue,2026-08-31
ORD89651,C2328,SKU4435,XL,Maroon,2026-07-06
ORD89652,C2185,SKU4445,FREE,Green,2026-08-03
ORD89653,C2338,SKU4422,XL,Green,2026-09-14
ORD89654,C2057,SKU4421,M,Blue,2026-07-29
ORD89655,C2237,SKU4450,L,Mustard,2026-08-31
ORD89656,C1849,SKU4440,S,Blue,2026-07-30
ORD89657,C1981,SKU4445,FREE,Green,2026-08-31
ORD89658,C1088,SKU4422,XL,White,2026-08-01
ORD89659,C1080,SKU4440,M,Blue,2026-09-04
ORD89660,C2058,SKU4422,M,Green,2026-07-24
ORD89661,C2682,SKU4440,S,Blue,2026-09-23
ORD89662,C2776,SKU4421,L,Yellow,2026-08-30
ORD89663,C2627,SKU4422,XL,Blue,2026-07-19
ORD89664,C1928,SKU4445,FREE,Red,2026-08-13
ORD89665,C1222,SKU4421,L,Blue,2026-07-17
ORD89666,C1190,SKU4421,XL,Yellow,2026-07-16
ORD89667,C2586,SKU4421,XL,Yellow,2026-07-01
ORD89668,C2428,SKU4430,XL,Black,2026-07-06
ORD89669,C2206,SKU4422,XL,Green,2026-08-14
ORD89670,C1521,SKU4455,S,Black,2026-07-18
ORD89671,C2795,SKU4422,S,Green,2026-09-15
ORD89672,C2183,SKU4422,S,Blue,2026-07-01
ORD89673,C2408,SKU4435,XL,Pink,2026-07-27
ORD89674,C2334,SKU4430,S,Red,2026-08-24
ORD89675,C2253,SKU4422,XL,Blue,2026-08-16
ORD89676,C2605,SKU4440,M,White,2026-09-09
ORD89677,C2183,SKU4422,XL,Green,2026-08-09
ORD89678,C2531,SKU4445,FREE,Green,2026-07-16
ORD89679,C2041,SKU4450,M,White,2026-07-28
ORD89680,C1329,SKU4430,XXL,Mustard,2026-07-07
ORD89681,C2229,SKU4440,S,Black,2026-08-30
ORD89682,C2247,SKU4421,S,Blue,2026-07-11
ORD89683,C2646,SKU4435,S,Maroon,2026-09-23
ORD89684,C2380,SKU4422,M,Blue,2026-07-22
ORD89685,C1184,SKU4422,S,Blue,2026-07-09
ORD89686,C1463,SKU4445,FREE,Pink,2026-08-05
ORD89687,C1534,SKU4422,XL,Blue,2026-07-01
ORD89688,C1696,SKU4435,S,Pink,2026-08-07
ORD89689,C1512,SKU4450,L,Peach,2026-09-12
ORD89690,C2588,SKU4455,XL,Blue,2026-08-13
ORD89691,C1528,SKU4435,S,Green,2026-07-15
ORD89692,C1190,SKU4421,M,Pink,2026-08-06
ORD89693,C1365,SKU4445,FREE,Red,2026-09-09
ORD89694,C2528,SKU4430,XXL,Black,2026-07-24
ORD89695,C2506,SKU4455,XL,Blue,2026-07-31
ORD89696,C2712,SKU4422,M,White,2026-08-01
ORD89697,C2384,SKU4422,S,White,2026-07-11
ORD89698,C2736,SKU4435,S,Pink,2026-07-06
ORD89699,C2005,SKU4440,XL,Blue,2026-08-05
ORD89700,C2536,SKU4445,FREE,Pink,2026-07-29
ORD89701,C1066,SKU4421,L,Blue,2026-09-08
ORD89702,C2430,SKU4430,M,Black,2026-07-16
ORD89703,C1777,SKU4430,S,Red,2026-07-27
ORD89704,C2123,SKU4430,XXL,Black,2026-07-24
ORD89705,C2021,SKU4422,L,Green,2026-07-24
ORD89706,C1572,SKU4430,L,Black,2026-08-21
ORD89707,C2646,SKU4440,M,Black,2026-08-04
ORD89708,C2638,SKU4430,XL,Red,2026-07-19
ORD89709,C2023,SKU4422,S,White,2026-08-23
ORD89710,C1513,SKU4450,L,Mustard,2026-08-08
ORD89711,C1122,SKU4440,XL,Black,2026-07-21
ORD89712,C1532,SKU4422,S,Green,2026-08-12
ORD89713,C1843,SKU4440,L,White,2026-07-03
ORD89714,C2330,SKU4450,M,Peach,2026-09-12
ORD89715,C2378,SKU4422,L,Green,2026-08-11
ORD89716,C2256,SKU4445,FREE,Red,2026-08-18
ORD89717,C2654,SKU4440,M,Black,2026-09-20
ORD89718,C2738,SKU4430,XXL,Mustard,2026-08-21
ORD89719,C1648,SKU4421,M,Pink,2026-08-10
ORD89720,C2599,SKU4445,FREE,Pink,2026-08-26
ORD89721,C1847,SKU4430,XXL,Mustard,2026-08-27
ORD89722,C2355,SKU4450,M,Peach,2026-07-31
ORD89723,C1813,SKU4445,FREE,Red,2026-07-22
ORD89724,C1053,SKU4421,L,Yellow,2026-07-07
ORD89725,C2265,SKU4435,S,Maroon,2026-08-03
ORD89726,C2358,SKU4421,S,Pink,2026-07-05
ORD89727,C1557,SKU4455,XL,Black,2026-09-08
ORD89728,C2223,SKU4421,XL,Pink,2026-09-14
ORD89729,C2309,SKU4445,FREE,Green,2026-09-20
ORD89730,C1904,SKU4455,XL,Blue,2026-07-12
ORD89731,C1000,SKU4430,M,Black,2026-07-02
ORD89732,C1960,SKU4445,FREE,Pink,2026-08-06
ORD89733,C1018,SKU4440,XL,White,2026-08-08
ORD89734,C1765,SKU4450,M,White,2026-09-09
ORD89735,C1334,SKU4450,XL,Mustard,2026-08-01
ORD89736,C1162,SKU4440,XL,Black,2026-08-03
ORD89737,C2521,SKU4422,L,Green,2026-09-22
ORD89738,C1279,SKU4422,M,White,2026-07-24
ORD89739,C2007,SKU4440,XL,White,2026-09-18
ORD89740,C1380,SKU4421,XS,Yellow,2026-07-03
ORD89741,C2489,SKU4430,M,Mustard,2026-08-26
ORD89742,C2588,SKU4421,S,Pink,2026-08-04
ORD89743,C2673,SKU4435,M,Maroon,2026-08-02
ORD89744,C1506,SKU4421,S,Blue,2026-08-26
ORD89745,C2067,SKU4421,L,Yellow,2026-07-13
ORD89746,C1661,SKU4422,XL,Blue,2026-08-09
ORD89747,C2307,SKU4445,FREE,Pink,2026-08-31
ORD89748,C1231,SKU4430,S,Mustard,2026-07-28
ORD89749,C2197,SKU4430,S,Red,2026-08-05
ORD89750,C2604,SKU4450,S,White,2026-09-13
ORD89751,C1509,SKU4440,M,White,2026-07-12
ORD89752,C1122,SKU4421,XL,Blue,2026-09-19
ORD89753,C1043,SKU4450,L,Mustard,2026-07-25
ORD89754,C1993,SKU4430,M,Black,2026-07-06
ORD89755,C1382,SKU4435,XL,Maroon,2026-09-11
ORD89756,C2762,SKU4430,XL,Black,2026-09-15
ORD89757,C2678,SKU4421,S,Blue,2026-08-07
ORD89758,C1776,SKU4430,S,Mustard,2026-09-03
ORD89759,C1656,SKU4450,L,Peach,2026-07-31
ORD89760,C2399,SKU4440,XL,Black,2026-09-06
ORD89761,C2312,SKU4435,L,Green,2026-08-22
ORD89762,C1365,SKU4421,XS,Pink,2026-07-17
ORD89763,C1065,SKU4422,XL,White,2026-07-13
ORD89764,C2436,SKU4450,XL,Peach,2026-09-18
ORD89765,C1026,SKU4421,S,Yellow,2026-07-10
ORD89766,C2640,SKU4422,XL,White,2026-08-29
ORD89767,C2686,SKU4430,XL,Black,2026-07-08
ORD89768,C1442,SKU4435,S,Green,2026-07-10
ORD89769,C1388,SKU4421,S,Yellow,2026-08-19
ORD89770,C1850,SKU4440,M,Blue,2026-09-10
ORD89771,C2438,SKU4445,FREE,Green,2026-08-28
ORD89772,C1822,SKU4450,M,White,2026-09-09
ORD89773,C2126,SKU4440,XL,White,2026-08-10
ORD89774,C1881,SKU4430,L,Black,2026-09-20
ORD89775,C1438,SKU4430,M,Mustard,2026-09-08
ORD89776,C1916,SKU4435,L,Green,2026-08-27
ORD89777,C1033,SKU4421,XS,Blue,2026-09-15
ORD89778,C1454,SKU4455,L,Blue,2026-08-08
ORD89779,C2139,SKU4430,L,Mustard,2026-09-04
ORD89780,C1728,SKU4440,S,Black,2026-08-28
ORD89781,C2661,SKU4422,M,White,2026-08-02
ORD89782,C2481,SKU4440,M,Blue,2026-07-10
ORD89783,C2678,SKU4435,XL,Pink,2026-09-12
ORD89784,C1781,SKU4440,L,Black,2026-09-12
ORD89785,C1783,SKU4422,S,Blue,2026-09-19
ORD89786,C1593,SKU4455,S,Blue,2026-08-25
ORD89787,C2170,SKU4422,L,White,2026-08-30
ORD89788,C2027,SKU4435,L,Maroon,2026-08-21
ORD89789,C1405,SKU4440,M,White,2026-09-10
ORD89790,C2506,SKU4440,M,Blue,2026-09-17
ORD89791,C2402,SKU4422,L,Green,2026-08-11
ORD89792,C1713,SKU4421,L,Blue,2026-08-16
ORD89793,C1408,SKU4440,XL,Black,2026-07-30
ORD89794,C1497,SKU4422,S,White,2026-07-07
ORD89795,C2420,SKU4455,L,Blue,2026-08-13
ORD89796,C1428,SKU4430,XL,Red,2026-08-12
ORD89797,C2275,SKU4422,L,Blue,2026-08-31
ORD89798,C2358,SKU4422,S,Green,2026-09-13
ORD89799,C2616,SKU4422,S,Green,2026-07-26
ORD89800,C1136,SKU4422,XL,Blue,2026-07-02
ORD89801,C1599,SKU4422,L,White,2026-07-03
ORD89802,C2453,SKU4440,M,White,2026-09-04
ORD89803,C1381,SKU4430,XXL,Mustard,2026-07-12
ORD89804,C2084,SKU4455,S,Blue,2026-08-01
ORD89805,C2401,SKU4435,M,Maroon,2026-08-14
ORD89806,C2662,SKU4440,M,Blue,2026-08-05
ORD89807,C2066,SKU4440,S,Blue,2026-08-18
ORD89808,C2173,SKU4440,M,White,2026-07-31
ORD89809,C1269,SKU4455,L,Black,2026-09-08
ORD89810,C2766,SKU4421,XL,Yellow,2026-07-26
ORD89811,C2343,SKU4440,M,White,2026-07-19
ORD89812,C2091,SKU4455,L,Blue,2026-09-10
ORD89813,C2567,SKU4421,M,Pink,2026-07-04
ORD89814,C2240,SKU4421,XL,Yellow,2026-08-04
ORD89815,C1735,SKU4422,M,White,2026-07-04
ORD89816,C2565,SKU4422,M,White,2026-08-22
ORD89817,C2551,SKU4455,XL,Blue,2026-07-26
ORD89818,C2408,SKU4422,XL,Blue,2026-09-01
ORD89819,C2589,SKU4430,M,Black,2026-08-21
ORD89820,C1810,SKU4450,M,Peach,2026-09-07
ORD89821,C1100,SKU4421,L,Yellow,2026-09-19
ORD89822,C1925,SKU4440,M,White,2026-09-21
ORD89823,C1277,SKU4435,M,Pink,2026-09-08
ORD89824,C2208,SKU4430,S,Red,2026-08-28
ORD89825,C1663,SKU4450,XL,White,2026-08-02
ORD89826,C1233,SKU4455,M,Blue,2026-07-12
ORD89827,C2488,SKU4440,S,Blue,2026-08-19
ORD89828,C1779,SKU4435,M,Green,2026-09-09
ORD89829,C2495,SKU4445,FREE,Pink,2026-08-09
ORD89830,C1415,SKU4430,M,Red,2026-07-17
ORD89831,C2229,SKU4430,XL,Red,2026-09-15
ORD89832,C2716,SKU4421,XS,Yellow,2026-09-12
ORD89833,C1853,SKU4430,S,Red,2026-07-14
ORD89834,C2416,SKU4422,L,Blue,2026-09-23
ORD89835,C1737,SKU4440,M,White,2026-09-13
ORD89836,C1776,SKU4421,M,Blue,2026-08-17
ORD89837,C1275,SKU4445,FREE,Pink,2026-08-30
ORD89838,C2074,SKU4450,L,Peach,2026-08-22
ORD89839,C2494,SKU4422,S,White,2026-09-12
ORD89840,C2614,SKU4435,S,Green,2026-09-16
ORD89841,C2076,SKU4430,XXL,Black,2026-08-03
ORD89842,C2016,SKU4440,M,Blue,2026-09-11
ORD89843,C1476,SKU4440,XL,Black,2026-09-17
ORD89844,C1952,SKU4455,S,Blue,2026-07-04
ORD89845,C1847,SKU4421,S,Yellow,2026-08-23
ORD89846,C2570,SKU4430,XXL,Mustard,2026-08-11
ORD89847,C1278,SKU4435,XL,Maroon,2026-09-21
ORD89848,C2520,SKU4440,L,White,2026-08-22
ORD89849,C1574,SKU4455,L,Blue,2026-07-20
ORD89850,C2725,SKU4430,XL,Mustard,2026-09-07
ORD89851,C2770,SKU4440,M,Blue,2026-07-15
ORD89852,C1556,SKU4430,L,Mustard,2026-07-05
ORD89853,C2698,SKU4435,M,Green,2026-08-27
ORD89854,C1766,SKU4422,L,White,2026-07-15
ORD89855,C1051,SKU4445,FREE,Pink,2026-09-03
ORD89856,C1990,SKU4455,M,Blue,2026-08-13
ORD89857,C2683,SKU4435,L,Maroon,2026-07-13
ORD89858,C1940,SKU4435,M,Maroon,2026-07-05
ORD89859,C1090,SKU4450,S,White,2026-08-09
ORD89860,C1094,SKU4440,S,White,2026-08-29
ORD89861,C2553,SKU4445,FREE,Red,2026-09-12
ORD89862,C1586,SKU4450,L,White,2026-07-25
ORD89863,C1558,SKU4430,XL,Mustard,2026-07-16
ORD89864,C2052,SKU4422,S,Blue,2026-09-10
ORD89865,C2442,SKU4435,L,Green,2026-07-19
ORD89866,C2255,SKU4440,M,Black,2026-08-09
ORD89867,C1964,SKU4435,S,Maroon,2026-07-04
ORD89868,C1873,SKU4421,L,Pink,2026-07-12
ORD89869,C1639,SKU4445,FREE,Green,2026-08-15
ORD89870,C1269,SKU4422,S,Green,2026-09-11
ORD89871,C1635,SKU4450,XL,White,2026-08-28
ORD89872,C1458,SKU4445,FREE,Pink,2026-07-30
ORD89873,C1375,SKU4450,L,Mustard,2026-08-20
ORD89874,C1061,SKU4440,L,White,2026-09-01
ORD89875,C2330,SKU4430,S,Black,2026-09-10
ORD89876,C1882,SKU4421,S,Yellow,2026-09-14
ORD89877,C1354,SKU4430,L,Mustard,2026-07-31
ORD89878,C2212,SKU4421,XL,Blue,2026-07-15
ORD89879,C1630,SKU4430,S,Black,2026-07-23
ORD89880,C2579,SKU4421,XS,Yellow,2026-09-15
ORD89881,C2673,SKU4430,S,Red,2026-07-28
ORD89882,C1305,SKU4440,S,Black,2026-09-23
ORD89883,C1400,SKU4430,XXL,Mustard,2026-08-27
ORD89884,C1890,SKU4450,L,Peach,2026-08-08
ORD89885,C2045,SKU4455,S,Blue,2026-09-17
ORD89886,C2124,SKU4421,M,Pink,2026-08-17
ORD89887,C2763,SKU4421,XL,Blue,2026-07-15
ORD89888,C1807,SKU4421,L,Yellow,2026-09-14
ORD89889,C2116,SKU4445,FREE,Pink,2026-08-25
ORD89890,C1787,SKU4422,M,White,2026-09-10
ORD89891,C2787,SKU4430,XL,Red,2026-08-06
ORD89892,C1294,SKU4421,XS,Yellow,2026-07-03
ORD89893,C1281,SKU4435,XL,Maroon,2026-07-11
ORD89894,C1871,SKU4430,XL,Mustard,2026-09-16
ORD89895,C1787,SKU4430,XL,Mustard,2026-08-27
ORD89896,C2734,SKU4422,S,Blue,2026-09-02
ORD89897,C2180,SKU4445,FREE,Pink,2026-09-08
ORD89898,C2188,SKU4455,XL,Black,2026-07-15
ORD89899,C2759,SKU4440,M,Blue,2026-09-06
ORD89900,C2071,SKU4445,FREE,Green,2026-07-11
ORD89901,C2369,SKU4421,L,Yellow,2026-09-23
ORD89902,C1862,SKU4435,XL,Pink,2026-08-12
ORD89903,C1072,SKU4455,L,Black,2026-07-22
ORD89904,C1533,SKU4440,L,Blue,2026-09-11
ORD89905,C2261,SKU4421,M,Blue,2026-07-17
ORD89906,C2637,SKU4422,M,Green,2026-07-24
ORD89907,C2682,SKU4421,XS,Pink,2026-09-15
ORD89908,C2353,SKU4435,XL,Green,2026-07-31
ORD89909,C1111,SKU4440,M,Blue,2026-08-14
ORD89910,C1950,SKU4445,FREE,Red,2026-07-22
ORD89911,C2399,SKU4430,XXL,Red,2026-08-18
ORD89912,C1024,SKU4435,M,Pink,2026-08-25
ORD89913,C2085,SKU4450,XL,Peach,2026-08-10
ORD89914,C2729,SKU4421,XL,Yellow,2026-08-15
ORD89915,C1546,SKU4455,L,Black,2026-08-04
ORD89916,C2503,SKU4422,XL,Green,2026-07-31
ORD89917,C1641,SKU4445,FREE,Green,2026-07-24
ORD89918,C1200,SKU4440,S,Black,2026-08-22
ORD89919,C1515,SKU4440,L,Black,2026-08-06
ORD89920,C2344,SKU4421,XS,Pink,2026-09-15
ORD89921,C1176,SKU4422,S,Blue,2026-07-16
ORD89922,C2424,SKU4421,XL,Pink,2026-07-15
ORD89923,C1566,SKU4430,S,Mustard,2026-08-28
ORD89924,C2598,SKU4440,L,White,2026-07-21
ORD89925,C1222,SKU4440,M,Blue,2026-09-01
ORD89926,C1217,SKU4445,FREE,Green,2026-09-21
ORD89927,C1144,SKU4445,FREE,Red,2026-07-10
ORD89928,C1304,SKU4422,XL,White,2026-09-02
ORD89929,C1545,SKU4421,XS,Yellow,2026-08-19
ORD89930,C2055,SKU4430,XL,Mustard,2026-07-01
ORD89931,C2728,SKU4445,FREE,Pink,2026-08-21
ORD89932,C1006,SKU4450,S,Peach,2026-07-29
ORD89933,C2096,SKU4440,XL,Black,2026-09-11
ORD89934,C2294,SKU4430,L,Black,2026-07-08
ORD89935,C1164,SKU4440,L,Blue,2026-08-13
ORD89936,C1361,SKU4445,FREE,Green,2026-07-26
ORD89937,C1218,SKU4455,M,Black,2026-08-19
ORD89938,C2505,SKU4430,S,Mustard,2026-08-26
ORD89939,C1488,SKU4421,XS,Yellow,2026-09-14
ORD89940,C2023,SKU4421,XL,Yellow,2026-08-09
ORD89941,C1694,SKU4450,XL,White,2026-07-05
ORD89942,C2506,SKU4422,M,White,2026-07-05
ORD89943,C1497,SKU4440,XL,Blue,2026-07-06
ORD89944,C1629,SKU4421,S,Yellow,2026-07-07
ORD89945,C1130,SKU4421,XL,Pink,2026-09-14
ORD89946,C1451,SKU4421,L,Yellow,2026-09-17
ORD89947,C1355,SKU4421,S,Pink,2026-09-14
ORD89948,C2426,SKU4421,S,Blue,2026-07-22
ORD89949,C1273,SKU4422,M,Blue,2026-07-06
ORD89950,C1997,SKU4450,XL,White,2026-07-03
ORD89951,C1554,SKU4440,M,Black,2026-09-20
ORD89952,C2221,SKU4430,M,Mustard,2026-07-05
ORD89953,C1712,SKU4435,S,Pink,2026-08-08
ORD89954,C1195,SKU4435,M,Maroon,2026-09-06
ORD89955,C2350,SKU4450,M,Mustard,2026-09-19
ORD89956,C1890,SKU4421,M,Blue,2026-07-27
ORD89957,C1237,SKU4422,S,Green,2026-09-04
ORD89958,C1451,SKU4421,L,Pink,2026-08-18
ORD89959,C1687,SKU4445,FREE,Pink,2026-07-26
ORD89960,C1227,SKU4440,S,White,2026-07-18
ORD89961,C1604,SKU4430,M,Black,2026-07-29
ORD89962,C2751,SKU4450,M,Peach,2026-09-09
ORD89963,C2211,SKU4430,XXL,Black,2026-07-28
ORD89964,C2507,SKU4435,S,Pink,2026-08-24
ORD89965,C2211,SKU4422,XL,Blue,2026-07-29
ORD89966,C1082,SKU4455,S,Black,2026-07-06
ORD89967,C1807,SKU4445,FREE,Pink,2026-09-06
ORD89968,C1492,SKU4450,S,Mustard,2026-09-02
ORD89969,C2757,SKU4421,M,Pink,2026-08-28
ORD89970,C2790,SKU4440,XL,White,2026-07-18
ORD89971,C2441,SKU4422,L,Blue,2026-08-29
ORD89972,C2087,SKU4450,S,Mustard,2026-08-12
ORD89973,C1105,SKU4445,FREE,Green,2026-08-16
ORD89974,C1750,SKU4430,XXL,Red,2026-08-16
ORD89975,C1283,SKU4435,S,Pink,2026-07-27
ORD89976,C2510,SKU4422,S,Blue,2026-08-31
ORD89977,C1656,SKU4440,M,Blue,2026-07-29
ORD89978,C1129,SKU4422,XL,Green,2026-07-07
ORD89979,C1962,SKU4430,XXL,Mustard,2026-07-16
ORD89980,C1753,SKU4440,L,White,2026-09-18
ORD89981,C1178,SKU4455,S,Blue,2026-08-28
ORD89982,C2397,SKU4450,S,Mustard,2026-08-23
ORD89983,C2510,SKU4421,M,Blue,2026-08-26
ORD89984,C2709,SKU4430,S,Red,2026-07-30
ORD89985,C2342,SKU4440,XL,Blue,2026-08-13
ORD89986,C2724,SKU4430,XXL,Mustard,2026-09-06
ORD89987,C1351,SKU4430,XXL,Red,2026-08-09
ORD89988,C1303,SKU4422,L,Green,2026-07-07
ORD89989,C2457,SKU4430,M,Mustard,2026-07-21
ORD89990,C1330,SKU4422,M,Blue,2026-07-20
ORD89991,C1902,SKU4421,M,Yellow,2026-07-17
ORD89992,C2022,SKU4435,S,Maroon,2026-08-21
ORD89993,C2512,SKU4455,L,Blue,2026-07-01
ORD89994,C2544,SKU4435,L,Green,2026-08-07
ORD89995,C1693,SKU4440,M,Blue,2026-08-26
ORD89996,C1239,SKU4445,FREE,Red,2026-09-09
ORD89997,C1189,SKU4430,M,Black,2026-08-15
ORD89998,C1454,SKU4440,M,Blue,2026-09-06
ORD89999,C2102,SKU4445,FREE,Red,2026-07-11
ORD90000,C1398,SKU4440,S,Blue,2026-08-20
ORD90001,C1814,SKU4440,S,Blue,2026-08-16
ORD90002,C1024,SKU4450,L,Mustard,2026-08-17
ORD90003,C2650,SKU4455,XL,Black,2026-07-21
ORD90004,C2224,SKU4450,XL,White,2026-09-14
ORD90005,C1848,SKU4421,L,Yellow,2026-08-04
ORD90006,C2011,SKU4435,L,Pink,2026-08-08
ORD90007,C1537,SKU4435,S,Maroon,2026-07-20
ORD90008,C2363,SKU4440,XL,Black,2026-09-22
ORD90009,C1501,SKU4430,XL,Mustard,2026-09-21
ORD90010,C1764,SKU4440,XL,Blue,2026-07-16
ORD90011,C1119,SKU4440,L,Black,2026-09-13
ORD90012,C1108,SKU4435,M,Green,2026-07-21
ORD90013,C1597,SKU4430,L,Red,2026-08-07
ORD90014,C2226,SKU4455,M,Blue,2026-07-13
ORD90015,C1555,SKU4435,L,Pink,2026-08-08
ORD90016,C1720,SKU4440,S,Blue,2026-09-13
ORD90017,C2594,SKU4421,XL,Blue,2026-08-17
ORD90018,C1316,SKU4430,M,Red,2026-07-28
ORD90019,C1156,SKU4450,S,Mustard,2026-08-28
ORD90020,C1058,SKU4435,L,Maroon,2026-08-08
ORD90021,C2409,SKU4421,S,Yellow,2026-07-19
ORD90022,C2414,SKU4421,S,Pink,2026-08-24
ORD90023,C1087,SKU4421,XS,Blue,2026-08-25
ORD90024,C1960,SKU4421,XL,Yellow,2026-07-08
ORD90025,C2545,SKU4422,S,Green,2026-07-02
ORD90026,C1409,SKU4421,XL,Pink,2026-09-14
ORD90027,C2187,SKU4430,S,Red,2026-08-05
ORD90028,C1139,SKU4422,M,Blue,2026-09-11
ORD90029,C2465,SKU4440,S,Blue,2026-07-28
ORD90030,C1438,SKU4430,XXL,Red,2026-07-13
ORD90031,C1379,SKU4450,XL,Mustard,2026-09-14
ORD90032,C1868,SKU4455,M,Black,2026-08-18
ORD90033,C1954,SKU4422,S,Green,2026-07-16
ORD90034,C2141,SKU4421,M,Yellow,2026-08-06
ORD90035,C1580,SKU4421,L,Pink,2026-08-19
ORD90036,C1834,SKU4445,FREE,Red,2026-09-09
ORD90037,C2390,SKU4450,M,White,2026-08-30
ORD90038,C1811,SKU4421,L,Yellow,2026-07-14
ORD90039,C1808,SKU4440,S,Black,2026-07-19
ORD90040,C1132,SKU4440,S,Blue,2026-07-22
ORD90041,C1251,SKU4422,M,Blue,2026-08-21
ORD90042,C2215,SKU4430,XL,Black,2026-09-13
ORD90043,C2365,SKU4450,XL,Mustard,2026-08-30
ORD90044,C1301,SKU4430,XL,Mustard,2026-08-05
ORD90045,C1472,SKU4421,M,Blue,2026-09-02
ORD90046,C2700,SKU4421,XS,Yellow,2026-07-07
ORD90047,C1413,SKU4421,XL,Blue,2026-08-29
ORD90048,C2657,SKU4435,L,Pink,2026-08-13
ORD90049,C1785,SKU4435,S,Green,2026-07-16
ORD90050,C1067,SKU4450,XL,Mustard,2026-07-05
ORD90051,C2351,SKU4430,S,Mustard,2026-09-01
ORD90052,C2749,SKU4435,XL,Green,2026-09-10
ORD90053,C1714,SKU4421,XS,Pink,2026-08-16
ORD90054,C1876,SKU4440,L,White,2026-07-13
ORD90055,C1500,SKU4430,L,Red,2026-09-23
ORD90056,C2779,SKU4440,S,Blue,2026-07-09
ORD90057,C1076,SKU4430,S,Mustard,2026-08-11
ORD90058,C2425,SKU4450,XL,Mustard,2026-07-03
ORD90059,C1799,SKU4421,M,Blue,2026-09-12
ORD90060,C1892,SKU4430,XXL,Black,2026-08-16
ORD90061,C1588,SKU4440,S,Blue,2026-07-28
ORD90062,C2279,SKU4430,XXL,Black,2026-07-29
ORD90063,C1689,SKU4421,XL,Pink,2026-09-14
ORD90064,C1711,SKU4440,XL,White,2026-07-27
ORD90065,C1886,SKU4440,L,Blue,2026-08-08
ORD90066,C2279,SKU4430,XL,Black,2026-08-02
ORD90067,C2440,SKU4440,M,Black,2026-09-19
ORD90068,C2687,SKU4422,XL,White,2026-09-23
ORD90069,C1122,SKU4435,XL,Pink,2026-09-19
ORD90070,C2528,SKU4430,M,Red,2026-07-20
ORD90071,C2761,SKU4430,XL,Black,2026-08-10
ORD90072,C2686,SKU4421,S,Blue,2026-08-04
ORD90073,C1232,SKU4422,M,Green,2026-07-31
ORD90074,C2146,SKU4421,M,Blue,2026-09-01
ORD90075,C1558,SKU4430,S,Red,2026-07-21
ORD90076,C1360,SKU4422,L,Blue,2026-09-09
ORD90077,C2760,SKU4421,L,Pink,2026-07-08
ORD90078,C1744,SKU4430,L,Red,2026-08-22
ORD90079,C1483,SKU4450,XL,Peach,2026-07-18
ORD90080,C2587,SKU4445,FREE,Green,2026-09-13
ORD90081,C1250,SKU4422,S,White,2026-09-15
ORD90082,C2650,SKU4430,XXL,Mustard,2026-08-19
ORD90083,C1218,SKU4422,XL,White,2026-07-19
ORD90084,C2767,SKU4455,XL,Black,2026-08-02
ORD90085,C1648,SKU4435,L,Pink,2026-07-15
ORD90086,C1743,SKU4435,M,Green,2026-07-19
ORD90087,C2240,SKU4430,L,Red,2026-09-21
ORD90088,C2775,SKU4455,L,Blue,2026-09-07
ORD90089,C1616,SKU4430,S,Black,2026-08-02
ORD90090,C2760,SKU4450,M,Mustard,2026-07-27
ORD90091,C1561,SKU4455,L,Black,2026-07-05
ORD90092,C2722,SKU4450,XL,Mustard,2026-08-22
ORD90093,C2036,SKU4430,S,Red,2026-08-03
ORD90094,C2620,SKU4440,M,Blue,2026-08-26
ORD90095,C1642,SKU4421,S,Yellow,2026-08-09
ORD90096,C2562,SKU4421,S,Yellow,2026-09-22
ORD90097,C1979,SKU4440,XL,White,2026-08-27
ORD90098,C2693,SKU4421,S,Yellow,2026-09-14
ORD90099,C1372,SKU4430,S,Black,2026-08-17
ORD90100,C1047,SKU4430,XXL,Red,2026-07-03
ORD90101,C1406,SKU4440,M,Black,2026-08-29
ORD90102,C1878,SKU4450,S,Mustard,2026-09-18
ORD90103,C1240,SKU4422,L,White,2026-09-11
ORD90104,C1782,SKU4455,L,Black,2026-09-02
ORD90105,C1856,SKU4450,M,Mustard,2026-07-25
ORD90106,C2419,SKU4421,L,Pink,2026-08-11
ORD90107,C2507,SKU4422,XL,Blue,2026-08-24
ORD90108,C1681,SKU4421,XL,Pink,2026-07-07
ORD90109,C2453,SKU4435,L,Pink,2026-09-15
ORD90110,C1780,SKU4421,M,Yellow,2026-09-18
ORD90111,C1183,SKU4435,L,Green,2026-07-17
ORD90112,C1641,SKU4435,M,Green,2026-07-15
ORD90113,C1646,SKU4455,L,Black,2026-07-22
ORD90114,C2303,SKU4435,M,Pink,2026-09-23
ORD90115,C1375,SKU4421,S,Pink,2026-07-30
ORD90116,C1253,SKU4435,XL,Maroon,2026-07-19
ORD90117,C2535,SKU4422,L,White,2026-07-22
ORD90118,C2077,SKU4422,M,Blue,2026-07-01
ORD90119,C2386,SKU4422,S,White,2026-09-02
ORD90120,C1807,SKU4430,L,Mustard,2026-07-16
ORD90121,C1059,SKU4455,S,Black,2026-07-20
ORD90122,C2641,SKU4455,M,Blue,2026-07-07
ORD90123,C2120,SKU4430,S,Mustard,2026-07-10
ORD90124,C1491,SKU4430,XL,Black,2026-07-23
ORD90125,C1333,SKU4450,S,White,2026-07-27
ORD90126,C2005,SKU4430,M,Red,2026-08-08
ORD90127,C1268,SKU4445,FREE,Green,2026-09-16
ORD90128,C2002,SKU4421,M,Yellow,2026-07-26
ORD90129,C1866,SKU4430,L,Mustard,2026-09-15
ORD90130,C1889,SKU4430,L,Mustard,2026-07-24
ORD90131,C2385,SKU4421,XL,Blue,2026-08-29
ORD90132,C2289,SKU4440,M,White,2026-09-06
ORD90133,C2641,SKU4421,L,Blue,2026-07-11
ORD90134,C2723,SKU4422,M,Blue,2026-08-08
ORD90135,C1156,SKU4430,XXL,Red,2026-09-09
ORD90136,C1951,SKU4435,XL,Green,2026-07-13
ORD90137,C2199,SKU4440,L,White,2026-08-02
ORD90138,C2277,SKU4430,XL,Mustard,2026-08-27
ORD90139,C1160,SKU4430,M,Red,2026-07-24
ORD90140,C1036,SKU4440,S,White,2026-09-07
ORD90141,C1256,SKU4430,XL,Black,2026-07-12
ORD90142,C2759,SKU4422,S,Blue,2026-07-25
ORD90143,C1312,SKU4435,S,Maroon,2026-07-22
ORD90144,C2760,SKU4430,XL,Black,2026-07-03
ORD90145,C1104,SKU4422,L,Blue,2026-08-20
ORD90146,C2509,SKU4421,L,Blue,2026-09-02
ORD90147,C1818,SKU4445,FREE,Red,2026-09-01
ORD90148,C2081,SKU4440,XL,Black,2026-07-08
ORD90149,C1589,SKU4430,XL,Red,2026-07-21
ORD90150,C1449,SKU4435,XL,Maroon,2026-09-03
ORD90151,C2480,SKU4440,XL,Black,2026-08-07
ORD90152,C2273,SKU4455,L,Black,2026-07-21
ORD90153,C1264,SKU4440,S,Blue,2026-08-31
ORD90154,C2011,SKU4422,XL,White,2026-08-23
ORD90155,C1534,SKU4422,S,White,2026-08-15
ORD90156,C1881,SKU4422,S,White,2026-08-13
ORD90157,C1696,SKU4422,M,Green,2026-08-03
ORD90158,C2237,SKU4445,FREE,Red,2026-09-04
ORD90159,C1216,SKU4445,FREE,Pink,2026-07-15
ORD90160,C2038,SKU4440,S,Blue,2026-07-06
ORD90161,C2491,SKU4440,M,White,2026-07-21
ORD90162,C1315,SKU4430,XXL,Black,2026-07-13
ORD90163,C1899,SKU4430,M,Red,2026-07-26
ORD90164,C1699,SKU4445,FREE,Red,2026-08-30
ORD90165,C1738,SKU4422,L,Green,2026-08-23
ORD90166,C2642,SKU4422,XL,White,2026-07-18
ORD90167,C1906,SKU4455,XL,Black,2026-07-04
ORD90168,C1692,SKU4421,XL,Pink,2026-07-11
ORD90169,C1805,SKU4455,M,Black,2026-07-08
ORD90170,C2293,SKU4440,M,Blue,2026-07-08
ORD90171,C2394,SKU4450,L,Mustard,2026-08-21
ORD90172,C2693,SKU4450,L,Mustard,2026-07-02
ORD90173,C2662,SKU4450,XL,Peach,2026-08-14
ORD90174,C1075,SKU4430,M,Black,2026-07-11
ORD90175,C1581,SKU4430,M,Mustard,2026-09-08
ORD90176,C2550,SKU4435,L,Pink,2026-08-13
ORD90177,C1494,SKU4421,XL,Yellow,2026-08-03
ORD90178,C2499,SKU4430,XL,Mustard,2026-07-15
ORD90179,C2158,SKU4430,M,Mustard,2026-09-13
ORD90180,C1582,SKU4455,M,Black,2026-08-08
ORD90181,C2064,SKU4450,M,Peach,2026-08-18
ORD90182,C2685,SKU4421,XL,Yellow,2026-07-25
ORD90183,C2696,SKU4430,M,Mustard,2026-08-24
ORD90184,C1439,SKU4421,L,Pink,2026-08-30
ORD90185,C2144,SKU4430,XXL,Black,2026-09-14
ORD90186,C2303,SKU4430,L,Mustard,2026-09-02
ORD90187,C2687,SKU4430,XL,Mustard,2026-08-23
ORD90188,C1264,SKU4435,XL,Pink,2026-08-28
ORD90189,C1932,SKU4435,S,Pink,2026-07-28
ORD90190,C2745,SKU4445,FREE,Red,2026-09-16
ORD90191,C2070,SKU4421,XL,Blue,2026-07-06
ORD90192,C1995,SKU4430,L,Black,2026-08-07
ORD90193,C1138,SKU4435,S,Pink,2026-08-14
ORD90194,C1926,SKU4430,XXL,Black,2026-09-11
ORD90195,C1271,SKU4450,XL,Peach,2026-09-16
ORD90196,C1305,SKU4435,XL,Green,2026-08-27
ORD90197,C1838,SKU4430,XXL,Mustard,2026-09-18
ORD90198,C2507,SKU4455,L,Blue,2026-08-26
ORD90199,C2171,SKU4421,S,Yellow,2026-07-04
ORD90200,C1253,SKU4445,FREE,Green,2026-09-21
ORD90201,C2551,SKU4421,XL,Yellow,2026-09-12
ORD90202,C2242,SKU4422,XL,White,2026-09-07
ORD90203,C1895,SKU4440,XL,Black,2026-08-13
ORD90204,C1526,SKU4421,XL,Blue,2026-08-18
ORD90205,C1374,SKU4455,M,Black,2026-07-19
ORD90206,C1120,SKU4421,M,Blue,2026-07-22
ORD90207,C1610,SKU4430,S,Mustard,2026-07-08
ORD90208,C1769,SKU4430,XL,Black,2026-08-03
ORD90209,C2540,SKU4450,S,White,2026-07-31
ORD90210,C1124,SKU4422,XL,White,2026-08-04
ORD90211,C1834,SKU4435,S,Green,2026-07-04
ORD90212,C2200,SKU4455,S,Black,2026-09-09
ORD90213,C1833,SKU4422,M,Green,2026-09-11
ORD90214,C2106,SKU4450,M,White,2026-08-17
ORD90215,C1085,SKU4450,XL,Peach,2026-08-27
ORD90216,C1435,SKU4450,XL,Mustard,2026-09-19
ORD90217,C2153,SKU4435,S,Maroon,2026-09-07
ORD90218,C1535,SKU4455,L,Black,2026-09-20
ORD90219,C1658,SKU4445,FREE,Red,2026-09-23
ORD90220,C2416,SKU4430,XXL,Black,2026-07-03
ORD90221,C2377,SKU4455,XL,Blue,2026-07-02
ORD90222,C1166,SKU4435,XL,Green,2026-09-07
ORD90223,C2704,SKU4440,S,Blue,2026-07-04
ORD90224,C2694,SKU4430,S,Black,2026-08-18
ORD90225,C1758,SKU4430,S,Red,2026-08-29
ORD90226,C2553,SKU4430,M,Mustard,2026-07-03
ORD90227,C2671,SKU4455,L,Blue,2026-07-12
ORD90228,C1743,SKU4430,M,Red,2026-09-02
ORD90229,C2011,SKU4421,M,Yellow,2026-09-03
ORD90230,C2492,SKU4421,XL,Pink,2026-09-05
ORD90231,C2258,SKU4422,S,Blue,2026-09-07
ORD90232,C2312,SKU4440,XL,Black,2026-08-24
ORD90233,C1561,SKU4440,L,White,2026-08-22
ORD90234,C2554,SKU4435,XL,Green,2026-09-05
ORD90235,C1152,SKU4450,M,Peach,2026-08-24
ORD90236,C2282,SKU4422,L,Green,2026-07-09
ORD90237,C2632,SKU4421,L,Pink,2026-09-14
ORD90238,C1969,SKU4430,L,Red,2026-07-14
ORD90239,C2626,SKU4430,S,Black,2026-09-05
ORD90240,C2564,SKU4421,XL,Yellow,2026-08-26
ORD90241,C1068,SKU4430,S,Red,2026-07-08
ORD90242,C2643,SKU4450,S,White,2026-07-08
ORD90243,C2387,SKU4430,XL,Red,2026-07-14
ORD90244,C2628,SKU4440,XL,White,2026-08-29
ORD90245,C2383,SKU4440,S,White,2026-09-22
ORD90246,C1221,SKU4430,L,Mustard,2026-07-25
ORD90247,C2173,SKU4440,S,Blue,2026-07-25
ORD90248,C2484,SKU4435,L,Green,2026-08-31
ORD90249,C1261,SKU4422,M,White,2026-07-08
ORD90250,C2108,SKU4430,L,Black,2026-09-13
ORD90251,C1596,SKU4422,L,Blue,2026-08-13
ORD90252,C1117,SKU4421,XL,Yellow,2026-07-19
ORD90253,C1400,SKU4450,S,Mustard,2026-08-14
ORD90254,C1387,SKU4440,M,Black,2026-08-13
ORD90255,C2744,SKU4440,XL,Blue,2026-08-12
ORD90256,C1332,SKU4455,L,Black,2026-08-12
ORD90257,C1007,SKU4450,S,Mustard,2026-07-29
ORD90258,C1489,SKU4440,XL,Blue,2026-07-28
ORD90259,C1420,SKU4445,FREE,Green,2026-08-18
ORD90260,C1151,SKU4450,S,Mustard,2026-07-02
ORD90261,C1398,SKU4435,M,Green,2026-08-26
ORD90262,C1407,SKU4455,L,Blue,2026-07-04
ORD90263,C1695,SKU4422,L,Blue,2026-07-23
ORD90264,C2726,SKU4422,M,White,2026-07-23
ORD90265,C2612,SKU4421,S,Blue,2026-09-22
ORD90266,C1491,SKU4430,M,Black,2026-08-28
ORD90267,C1888,SKU4430,M,Mustard,2026-09-18
ORD90268,C1392,SKU4421,S,Pink,2026-07-25
ORD90269,C2302,SKU4440,L,Blue,2026-08-24
ORD90270,C2749,SKU4421,XL,Yellow,2026-07-25
ORD90271,C2289,SKU4450,L,White,2026-07-07
ORD90272,C2606,SKU4450,XL,White,2026-07-11
ORD90273,C1794,SKU4440,S,Black,2026-09-04
ORD90274,C1950,SKU4440,L,White,2026-09-05
ORD90275,C1970,SKU4445,FREE,Green,2026-09-02
ORD90276,C1424,SKU4430,XXL,Mustard,2026-07-05
ORD90277,C1626,SKU4422,M,Green,2026-07-28
ORD90278,C2127,SKU4430,M,Black,2026-08-02
ORD90279,C2647,SKU4430,XL,Black,2026-08-17
ORD90280,C1478,SKU4422,S,White,2026-08-26
ORD90281,C2050,SKU4421,XS,Blue,2026-09-03
ORD90282,C1242,SKU4421,M,Pink,2026-07-13
ORD90283,C1282,SKU4450,M,Peach,2026-09-16
ORD90284,C1577,SKU4445,FREE,Red,2026-08-08
ORD90285,C2551,SKU4450,XL,Mustard,2026-09-13
ORD90286,C1464,SKU4435,M,Green,2026-07-30
ORD90287,C2609,SKU4422,M,Blue,2026-09-14
ORD90288,C1641,SKU4435,XL,Green,2026-07-11
ORD90289,C1921,SKU4430,XL,Red,2026-08-26
ORD90290,C1625,SKU4421,S,Yellow,2026-07-17
ORD90291,C1858,SKU4421,M,Blue,2026-07-29
ORD90292,C1047,SKU4445,FREE,Pink,2026-09-14
ORD90293,C2163,SKU4421,S,Pink,2026-08-12
ORD90294,C1800,SKU4440,XL,White,2026-07-27
ORD90295,C1407,SKU4422,XL,White,2026-07-24
ORD90296,C1226,SKU4422,XL,Green,2026-07-21
ORD90297,C1266,SKU4430,S,Black,2026-07-27
ORD90298,C2177,SKU4430,XL,Red,2026-09-16
ORD90299,C1015,SKU4440,XL,White,2026-07-26
ORD90300,C2076,SKU4430,XL,Mustard,2026-08-01
ORD90301,C2179,SKU4440,XL,White,2026-08-29
ORD90302,C1937,SKU4430,M,Mustard,2026-08-25
ORD90303,C1490,SKU4440,S,White,2026-07-06
ORD90304,C2429,SKU4422,L,Blue,2026-07-09
ORD90305,C1248,SKU4455,XL,Black,2026-09-09
ORD90306,C1839,SKU4421,XS,Yellow,2026-08-11
ORD90307,C1149,SKU4422,S,Green,2026-07-04
ORD90308,C2527,SKU4440,XL,White,2026-08-13
ORD90309,C1234,SKU4422,S,White,2026-08-02
ORD90310,C1139,SKU4421,L,Blue,2026-08-29
ORD90311,C1254,SKU4450,S,White,2026-08-07
ORD90312,C2387,SKU4430,S,Mustard,2026-07-02
ORD90313,C2382,SKU4430,M,Red,2026-07-05
ORD90314,C2312,SKU4430,S,Mustard,2026-09-05
ORD90315,C1909,SKU4440,S,White,2026-08-09
ORD90316,C2680,SKU4421,XS,Pink,2026-08-13
ORD90317,C2482,SKU4440,M,Black,2026-07-22
ORD90318,C2151,SKU4430,S,Black,2026-08-11
ORD90319,C1475,SKU4440,XL,White,2026-07-16
ORD90320,C2339,SKU4430,M,Red,2026-08-21
ORD90321,C2347,SKU4430,XL,Red,2026-07-09
ORD90322,C1447,SKU4440,L,Black,2026-07-09
ORD90323,C2620,SKU4445,FREE,Red,2026-09-07
ORD90324,C2228,SKU4450,M,Mustard,2026-07-13
ORD90325,C1783,SKU4430,XXL,Mustard,2026-08-27
ORD90326,C2262,SKU4445,FREE,Red,2026-07-03
ORD90327,C2550,SKU4421,S,Yellow,2026-08-24
ORD90328,C1607,SKU4421,S,Blue,2026-09-02
ORD90329,C1908,SKU4430,S,Red,2026-09-15
ORD90330,C2611,SKU4430,L,Black,2026-09-21
ORD90331,C2537,SKU4435,XL,Pink,2026-08-06
ORD90332,C1375,SKU4440,XL,Blue,2026-08-11
ORD90333,C1106,SKU4421,L,Pink,2026-07-25
ORD90334,C1355,SKU4422,M,White,2026-07-12
ORD90335,C1160,SKU4450,M,White,2026-09-03
ORD90336,C1501,SKU4435,M,Pink,2026-07-26
ORD90337,C1918,SKU4440,L,White,2026-09-12
ORD90338,C1815,SKU4422,XL,White,2026-08-16
ORD90339,C2505,SKU4435,XL,Pink,2026-09-17
ORD90340,C1875,SKU4422,XL,White,2026-08-18
ORD90341,C1312,SKU4445,FREE,Green,2026-09-07
ORD90342,C1928,SKU4422,XL,Green,2026-08-09
ORD90343,C1279,SKU4440,XL,Black,2026-08-12
ORD90344,C2764,SKU4422,M,White,2026-07-02
ORD90345,C1808,SKU4445,FREE,Pink,2026-08-23
ORD90346,C2204,SKU4430,XL,Black,2026-09-21
ORD90347,C2410,SKU4455,L,Black,2026-09-20
ORD90348,C1496,SKU4421,L,Blue,2026-08-01
ORD90349,C1302,SKU4455,L,Blue,2026-09-21
ORD90350,C2233,SKU4430,M,Black,2026-08-01
ORD90351,C2578,SKU4440,M,Black,2026-07-15
ORD90352,C1164,SKU4445,FREE,Pink,2026-09-14
ORD90353,C1517,SKU4422,XL,White,2026-08-24
ORD90354,C2503,SKU4435,XL,Pink,2026-08-09
ORD90355,C2172,SKU4450,S,White,2026-09-20
ORD90356,C2532,SKU4430,M,Black,2026-07-27
ORD90357,C1198,SKU4430,M,Black,2026-07-01
ORD90358,C1922,SKU4422,M,Blue,2026-07-15
ORD90359,C2657,SKU4422,M,White,2026-07-24
ORD90360,C2278,SKU4422,XL,Green,2026-09-19
ORD90361,C1773,SKU4440,S,White,2026-07-11
ORD90362,C1978,SKU4421,XS,Yellow,2026-07-31
ORD90363,C2539,SKU4445,FREE,Red,2026-08-04
ORD90364,C2069,SKU4440,S,Black,2026-07-28
ORD90365,C1969,SKU4430,XXL,Black,2026-09-01
ORD90366,C1645,SKU4440,L,White,2026-08-13
ORD90367,C1117,SKU4455,XL,Black,2026-09-17
ORD90368,C2782,SKU4450,S,White,2026-08-28
ORD90369,C1251,SKU4445,FREE,Red,2026-09-16
ORD90370,C2266,SKU4422,M,Green,2026-08-27
ORD90371,C1006,SKU4450,XL,Peach,2026-07-25
ORD90372,C1737,SKU4455,L,Blue,2026-09-20
ORD90373,C2242,SKU4455,L,Black,2026-07-30
ORD90374,C1975,SKU4445,FREE,Pink,2026-08-24
ORD90375,C1601,SKU4450,S,Peach,2026-08-19
ORD90376,C2631,SKU4445,FREE,Red,2026-09-02
ORD90377,C1349,SKU4435,M,Maroon,2026-07-28
ORD90378,C2465,SKU4440,S,Black,2026-08-25
ORD90379,C2485,SKU4421,S,Yellow,2026-09-20
ORD90380,C2569,SKU4450,L,White,2026-09-12
ORD90381,C2339,SKU4421,M,Blue,2026-08-18
ORD90382,C1530,SKU4440,XL,Black,2026-07-29
ORD90383,C1385,SKU4421,XS,Blue,2026-09-14
ORD90384,C1778,SKU4421,M,Pink,2026-08-10
ORD90385,C1388,SKU4421,XS,Yellow,2026-09-07
ORD90386,C2064,SKU4455,L,Black,2026-07-17
ORD90387,C2102,SKU4440,S,White,2026-07-02
ORD90388,C2392,SKU4430,L,Red,2026-09-02
ORD90389,C2226,SKU4440,M,Blue,2026-07-05
ORD90390,C1979,SKU4435,S,Green,2026-09-12
ORD90391,C1120,SKU4422,L,Blue,2026-08-18
ORD90392,C2434,SKU4430,M,Mustard,2026-07-29
ORD90393,C1612,SKU4455,M,Black,2026-08-20
ORD90394,C1803,SKU4440,M,Black,2026-09-09
ORD90395,C1147,SKU4440,L,White,2026-08-20
ORD90396,C1806,SKU4430,M,Mustard,2026-09-09
ORD90397,C1937,SKU4430,XXL,Red,2026-08-08
ORD90398,C1596,SKU4440,XL,Blue,2026-08-31
ORD90399,C1018,SKU4422,M,Blue,2026-09-22
ORD90400,C1771,SKU4450,S,Peach,2026-07-19
ORD90401,C1728,SKU4430,M,Red,2026-07-13
ORD90402,C2331,SKU4422,S,White,2026-09-04
ORD90403,C1501,SKU4430,M,Mustard,2026-08-21
ORD90404,C1563,SKU4440,XL,Blue,2026-08-18
ORD90405,C1169,SKU4430,S,Red,2026-07-15
ORD90406,C2173,SKU4440,M,Black,2026-09-14
ORD90407,C1786,SKU4435,S,Pink,2026-07-24
ORD90408,C1256,SKU4440,XL,White,2026-09-12
ORD90409,C2664,SKU4421,XL,Pink,2026-08-21
ORD90410,C1130,SKU4430,XXL,Mustard,2026-09-01
ORD90411,C1240,SKU4440,S,Black,2026-09-23
ORD90412,C1915,SKU4440,M,Black,2026-09-10
ORD90413,C2336,SKU4421,S,Yellow,2026-07-27
ORD90414,C2036,SKU4440,S,Black,2026-07-16
ORD90415,C1000,SKU4455,M,Black,2026-09-23
ORD90416,C2093,SKU4421,XL,Blue,2026-09-23
ORD90417,C2241,SKU4440,L,Blue,2026-08-15
ORD90418,C1485,SKU4422,S,Blue,2026-07-06
ORD90419,C1522,SKU4422,XL,White,2026-09-09
ORD90420,C1170,SKU4440,M,White,2026-08-28
ORD90421,C1144,SKU4440,M,Blue,2026-07-27
ORD90422,C2154,SKU4422,M,Blue,2026-08-17
ORD90423,C1647,SKU4450,M,Mustard,2026-07-20
ORD90424,C1158,SKU4430,S,Mustard,2026-08-01
ORD90425,C2311,SKU4435,XL,Maroon,2026-08-12
ORD90426,C2078,SKU4430,S,Red,2026-07-23
ORD90427,C1714,SKU4430,XL,Red,2026-09-06
ORD90428,C1098,SKU4450,L,Peach,2026-07-13
ORD90429,C2650,SKU4455,XL,Blue,2026-08-14
ORD90430,C1261,SKU4455,XL,Black,2026-09-14
ORD90431,C1292,SKU4440,M,Blue,2026-07-17
ORD90432,C1758,SKU4445,FREE,Green,2026-09-20
ORD90433,C1374,SKU4422,XL,Blue,2026-08-28
ORD90434,C1564,SKU4430,XL,Mustard,2026-08-06
ORD90435,C2757,SKU4435,M,Green,2026-09-20
ORD90436,C2134,SKU4440,S,Blue,2026-08-06
ORD90437,C2496,SKU4450,S,Mustard,2026-09-04
ORD90438,C2535,SKU4421,L,Yellow,2026-09-07
ORD90439,C1751,SKU4455,M,Blue,2026-07-10
ORD90440,C1776,SKU4435,S,Green,2026-09-02
ORD90441,C1624,SKU4421,XL,Blue,2026-07-28
ORD90442,C2737,SKU4455,S,Black,2026-09-18
ORD90443,C1611,SKU4430,XXL,Black,2026-08-12
ORD90444,C1018,SKU4421,S,Blue,2026-08-15
ORD90445,C1314,SKU4435,S,Pink,2026-09-04
ORD90446,C1512,SKU4455,S,Blue,2026-09-23
ORD90447,C1373,SKU4430,L,Black,2026-08-24
ORD90448,C1331,SKU4422,XL,Blue,2026-08-26
ORD90449,C1226,SKU4445,FREE,Pink,2026-07-26
ORD90450,C1064,SKU4421,L,Blue,2026-08-12
ORD90451,C2027,SKU4440,M,White,2026-08-21
ORD90452,C1220,SKU4445,FREE,Red,2026-07-15
ORD90453,C2571,SKU4421,M,Yellow,2026-07-02
ORD90454,C2510,SKU4421,M,Blue,2026-09-15
ORD90455,C2364,SKU4422,S,Green,2026-08-01
ORD90456,C2251,SKU4422,S,Blue,2026-09-03
ORD90457,C1270,SKU4455,M,Blue,2026-07-16
ORD90458,C1036,SKU4422,M,White,2026-08-24
ORD90459,C2075,SKU4421,XS,Blue,2026-08-22
ORD90460,C1872,SKU4440,M,Black,2026-08-13
ORD90461,C1551,SKU4435,S,Green,2026-07-15
ORD90462,C1097,SKU4455,XL,Blue,2026-08-10
ORD90463,C1966,SKU4421,M,Pink,2026-08-06
ORD90464,C2518,SKU4440,M,White,2026-08-16
ORD90465,C1565,SKU4445,FREE,Red,2026-09-22
ORD90466,C2520,SKU4430,S,Red,2026-09-19
ORD90467,C1202,SKU4421,S,Pink,2026-08-27
ORD90468,C2289,SKU4422,L,Green,2026-08-27
ORD90469,C2072,SKU4455,S,Black,2026-08-23
ORD90470,C1561,SKU4435,S,Maroon,2026-09-15
ORD90471,C2626,SKU4421,XS,Yellow,2026-07-08
ORD90472,C2782,SKU4422,XL,Green,2026-09-07
ORD90473,C2151,SKU4421,L,Yellow,2026-08-19
ORD90474,C1007,SKU4430,L,Red,2026-07-24
ORD90475,C2031,SKU4422,S,Blue,2026-08-28
ORD90476,C2450,SKU4435,L,Maroon,2026-08-07
ORD90477,C1487,SKU4421,S,Pink,2026-09-07
ORD90478,C2788,SKU4440,L,Black,2026-08-04
ORD90479,C1237,SKU4440,M,Black,2026-09-07
ORD90480,C2687,SKU4430,S,Mustard,2026-07-02
ORD90481,C1032,SKU4445,FREE,Red,2026-08-02
ORD90482,C1527,SKU4455,S,Black,2026-09-22
ORD90483,C1664,SKU4440,M,White,2026-07-29
ORD90484,C1474,SKU4440,XL,Black,2026-08-27
ORD90485,C2015,SKU4430,M,Black,2026-07-12
ORD90486,C2004,SKU4422,M,White,2026-09-11
ORD90487,C1333,SKU4422,L,White,2026-08-09
ORD90488,C1147,SKU4450,M,White,2026-07-19
ORD90489,C1281,SKU4430,XL,Red,2026-09-06
ORD90490,C1042,SKU4450,S,Mustard,2026-08-19
ORD90491,C2110,SKU4455,S,Blue,2026-07-14
ORD90492,C1983,SKU4430,S,Red,2026-07-18
ORD90493,C1980,SKU4450,M,Mustard,2026-08-12
ORD90494,C1459,SKU4421,L,Pink,2026-07-01
ORD90495,C1577,SKU4435,S,Maroon,2026-07-14
ORD90496,C1088,SKU4440,S,White,2026-07-11
ORD90497,C2391,SKU4422,L,Blue,2026-07-24
ORD90498,C1713,SKU4450,L,Peach,2026-08-06
ORD90499,C1543,SKU4422,XL,Blue,2026-08-17
ORD90500,C2592,SKU4445,FREE,Red,2026-07-20
ORD90501,C2668,SKU4430,XL,Black,2026-08-31
ORD90502,C2420,SKU4430,XL,Black,2026-08-31
ORD90503,C1503,SKU4440,L,Black,2026-09-22
ORD90504,C2682,SKU4435,XL,Pink,2026-09-07
ORD90505,C1970,SKU4422,S,Green,2026-09-10
ORD90506,C2738,SKU4455,S,Black,2026-08-16
ORD90507,C1295,SKU4445,FREE,Pink,2026-08-28
ORD90508,C2695,SKU4435,XL,Maroon,2026-07-27
ORD90509,C1061,SKU4440,XL,Blue,2026-07-21
ORD90510,C2165,SKU4422,M,White,2026-07-02
ORD90511,C2532,SKU4430,M,Black,2026-07-18
ORD90512,C1909,SKU4455,XL,Black,2026-08-13
ORD90513,C1122,SKU4440,L,Black,2026-07-20
ORD90514,C1022,SKU4421,S,Yellow,2026-07-21
ORD90515,C2171,SKU4430,XL,Mustard,2026-08-03
ORD90516,C1188,SKU4445,FREE,Red,2026-08-04
ORD90517,C2267,SKU4455,M,Blue,2026-08-21
ORD90518,C1111,SKU4440,XL,White,2026-07-22
ORD90519,C1213,SKU4440,M,White,2026-07-14
ORD90520,C1413,SKU4421,M,Pink,2026-09-09
ORD90521,C2156,SKU4421,M,Pink,2026-09-11
ORD90522,C1265,SKU4435,L,Green,2026-08-15
ORD90523,C1206,SKU4421,L,Yellow,2026-09-03
ORD90524,C1976,SKU4445,FREE,Green,2026-08-18
ORD90525,C2397,SKU4450,L,White,2026-07-20
ORD90526,C1441,SKU4450,S,Peach,2026-07-30
ORD90527,C2492,SKU4440,M,Blue,2026-09-05
ORD90528,C1694,SKU4435,L,Green,2026-07-17
ORD90529,C1489,SKU4440,XL,Black,2026-08-19
ORD90530,C2285,SKU4440,S,Black,2026-09-11
ORD90531,C2120,SKU4421,XS,Pink,2026-08-09
ORD90532,C1931,SKU4450,S,Mustard,2026-07-13
ORD90533,C1287,SKU4455,L,Black,2026-09-22
ORD90534,C2759,SKU4455,XL,Blue,2026-08-16
ORD90535,C1902,SKU4430,XXL,Mustard,2026-07-17
ORD90536,C2397,SKU4450,L,Mustard,2026-07-11
ORD90537,C1116,SKU4430,S,Mustard,2026-09-21
ORD90538,C1595,SKU4422,S,White,2026-07-14
ORD90539,C2790,SKU4440,S,Black,2026-08-19
ORD90540,C2095,SKU4421,L,Blue,2026-09-21
ORD90541,C1812,SKU4435,S,Maroon,2026-07-14
ORD90542,C1701,SKU4422,L,White,2026-08-10
ORD90543,C1930,SKU4435,XL,Maroon,2026-08-05
ORD90544,C1433,SKU4430,XL,Red,2026-07-07
ORD90545,C2301,SKU4455,XL,Black,2026-08-02
ORD90546,C1610,SKU4422,L,Green,2026-07-11
ORD90547,C2371,SKU4430,XL,Mustard,2026-07-28
ORD90548,C1700,SKU4422,S,White,2026-08-24
ORD90549,C1986,SKU4430,M,Black,2026-08-23
ORD90550,C1726,SKU4440,M,Blue,2026-08-25
ORD90551,C1406,SKU4440,S,Blue,2026-09-15
ORD90552,C1538,SKU4450,S,Peach,2026-08-22
ORD90553,C1920,SKU4421,L,Pink,2026-09-20
ORD90554,C1860,SKU4440,S,Black,2026-07-25
ORD90555,C1429,SKU4445,FREE,Red,2026-08-14
ORD90556,C1033,SKU4455,S,Black,2026-08-16
ORD90557,C2328,SKU4430,S,Mustard,2026-09-02
ORD90558,C1872,SKU4430,L,Black,2026-09-08
ORD90559,C1877,SKU4445,FREE,Red,2026-08-28
ORD90560,C1781,SKU4435,M,Pink,2026-08-25
ORD90561,C2437,SKU4440,XL,Blue,2026-08-06
ORD90562,C1183,SKU4455,S,Blue,2026-07-14
ORD90563,C2535,SKU4440,XL,Black,2026-09-02
ORD90564,C2190,SKU4455,S,Black,2026-09-03
ORD90565,C2591,SKU4440,XL,Black,2026-07-29
ORD90566,C1718,SKU4430,M,Black,2026-07-16
ORD90567,C1767,SKU4455,XL,Black,2026-07-01
ORD90568,C1629,SKU4435,L,Pink,2026-08-03
ORD90569,C1008,SKU4450,XL,Peach,2026-07-31
ORD90570,C2618,SKU4430,S,Red,2026-07-20
ORD90571,C2171,SKU4450,L,Mustard,2026-07-22
ORD90572,C2319,SKU4422,XL,White,2026-09-17
ORD90573,C2303,SKU4421,XL,Blue,2026-07-17
ORD90574,C1324,SKU4445,FREE,Pink,2026-09-05
ORD90575,C2293,SKU4421,S,Yellow,2026-07-16
ORD90576,C1660,SKU4430,L,Mustard,2026-07-21
ORD90577,C2577,SKU4421,L,Pink,2026-09-19
ORD90578,C1783,SKU4421,XL,Pink,2026-09-12
ORD90579,C2577,SKU4422,M,Blue,2026-08-18
ORD90580,C1047,SKU4421,XS,Pink,2026-09-19
ORD90581,C2220,SKU4440,S,Black,2026-08-28
ORD90582,C1158,SKU4422,L,White,2026-07-12
ORD90583,C2005,SKU4430,M,Black,2026-07-13
ORD90584,C1430,SKU4430,XL,Mustard,2026-07-10
ORD90585,C2655,SKU4430,L,Mustard,2026-08-27
ORD90586,C2292,SKU4430,M,Mustard,2026-09-11
ORD90587,C2257,SKU4421,M,Blue,2026-08-31
ORD90588,C1249,SKU4421,XL,Yellow,2026-08-02
ORD90589,C2558,SKU4421,XS,Yellow,2026-09-04
ORD90590,C1670,SKU4450,S,White,2026-07-04
ORD90591,C1986,SKU4421,S,Blue,2026-08-05
ORD90592,C1956,SKU4421,XL,Yellow,2026-08-07
ORD90593,C1354,SKU4435,XL,Maroon,2026-08-02
ORD90594,C1887,SKU4422,M,Blue,2026-09-01
ORD90595,C1220,SKU4430,L,Black,2026-09-18
ORD90596,C2295,SKU4430,XXL,Black,2026-08-17
ORD90597,C2201,SKU4430,S,Mustard,2026-08-02
ORD90598,C1234,SKU4440,L,White,2026-07-04
ORD90599,C1148,SKU4430,M,Black,2026-08-01
ORD90600,C1019,SKU4430,M,Black,2026-07-16
ORD90601,C2162,SKU4421,M,Pink,2026-08-29
ORD90602,C2232,SKU4450,S,Mustard,2026-08-06
ORD90603,C1403,SKU4445,FREE,Pink,2026-07-26
ORD90604,C2604,SKU4440,L,Black,2026-09-21
ORD90605,C2723,SKU4455,XL,Black,2026-07-17
ORD90606,C1690,SKU4421,XL,Yellow,2026-07-06
ORD90607,C1562,SKU4421,XS,Blue,2026-08-08
ORD90608,C2011,SKU4430,S,Mustard,2026-08-10
ORD90609,C1248,SKU4430,XL,Black,2026-09-21
ORD90610,C1097,SKU4455,S,Blue,2026-07-29
ORD90611,C1463,SKU4421,M,Yellow,2026-08-25
ORD90612,C1623,SKU4450,S,White,2026-07-07
ORD90613,C2304,SKU4421,S,Yellow,2026-08-22
ORD90614,C1978,SKU4421,XL,Pink,2026-09-12
ORD90615,C1188,SKU4455,L,Black,2026-07-29
ORD90616,C2711,SKU4430,S,Black,2026-09-10
ORD90617,C1153,SKU4440,M,Blue,2026-07-10
ORD90618,C1958,SKU4421,XS,Yellow,2026-07-28
ORD90619,C2667,SKU4422,S,Green,2026-07-27
ORD90620,C2342,SKU4435,L,Green,2026-08-28
ORD90621,C1569,SKU4435,XL,Maroon,2026-07-09
ORD90622,C2794,SKU4440,S,Black,2026-08-29
ORD90623,C1546,SKU4421,XS,Blue,2026-07-24
ORD90624,C1558,SKU4435,L,Maroon,2026-08-26
ORD90625,C1397,SKU4421,L,Yellow,2026-08-24
ORD90626,C1073,SKU4455,M,Blue,2026-07-07
ORD90627,C2270,SKU4422,S,Green,2026-07-29
ORD90628,C2503,SKU4430,XL,Red,2026-07-29
ORD90629,C2609,SKU4440,XL,Black,2026-07-22
ORD90630,C1193,SKU4440,L,Blue,2026-07-01
ORD90631,C1348,SKU4455,XL,Black,2026-07-31
ORD90632,C1290,SKU4421,S,Blue,2026-08-28
ORD90633,C1363,SKU4440,XL,White,2026-07-03
ORD90634,C2216,SKU4450,M,Peach,2026-07-02
ORD90635,C1967,SKU4435,S,Green,2026-08-01
ORD90636,C2504,SKU4430,L,Black,2026-09-01
ORD90637,C1939,SKU4435,XL,Green,2026-08-16
ORD90638,C2350,SKU4440,M,White,2026-07-29
ORD90639,C2517,SKU4430,S,Red,2026-09-12
ORD90640,C1396,SKU4430,M,Mustard,2026-07-12
ORD90641,C2390,SKU4430,S,Black,2026-09-19
ORD90642,C1678,SKU4455,M,Black,2026-08-14
ORD90643,C1084,SKU4430,L,Black,2026-07-25
ORD90644,C2160,SKU4445,FREE,Pink,2026-08-28
ORD90645,C2021,SKU4450,L,White,2026-07-02
ORD90646,C2277,SKU4422,M,Blue,2026-08-07
ORD90647,C2637,SKU4422,XL,Green,2026-07-09
ORD90648,C1252,SKU4430,M,Black,2026-09-14
ORD90649,C1292,SKU4440,M,Black,2026-08-04
ORD90650,C1065,SKU4422,S,Green,2026-07-29
ORD90651,C1200,SKU4430,XL,Black,2026-08-21
ORD90652,C1892,SKU4455,L,Blue,2026-09-11
ORD90653,C1512,SKU4430,XXL,Red,2026-07-26
ORD90654,C1608,SKU4435,L,Green,2026-07-11
ORD90655,C1196,SKU4440,M,White,2026-08-25
ORD90656,C1959,SKU4430,L,Mustard,2026-08-15
ORD90657,C2144,SKU4435,XL,Green,2026-07-04
ORD90658,C1257,SKU4435,L,Maroon,2026-08-20
ORD90659,C1173,SKU4421,XL,Blue,2026-07-07
ORD90660,C2514,SKU4421,XL,Yellow,2026-09-04
ORD90661,C1279,SKU4445,FREE,Green,2026-09-02
ORD90662,C1636,SKU4440,M,White,2026-09-19
ORD90663,C1137,SKU4455,XL,Blue,2026-07-15
ORD90664,C1376,SKU4455,L,Black,2026-08-31
ORD90665,C2759,SKU4450,L,Peach,2026-08-26
ORD90666,C1378,SKU4421,S,Yellow,2026-07-03
ORD90667,C2518,SKU4445,FREE,Red,2026-09-04
ORD90668,C2367,SKU4422,XL,Green,2026-08-07
ORD90669,C1801,SKU4440,L,Blue,2026-08-05
ORD90670,C1303,SKU4450,XL,Mustard,2026-08-24
ORD90671,C2480,SKU4430,L,Red,2026-08-29
ORD90672,C2752,SKU4421,S,Blue,2026-09-03
ORD90673,C1357,SKU4422,XL,Blue,2026-07-09
ORD90674,C2464,SKU4430,XXL,Black,2026-08-28
ORD90675,C2718,SKU4422,L,Green,2026-07-09
ORD90676,C1369,SKU4430,XL,Mustard,2026-09-23
ORD90677,C2205,SKU4455,L,Blue,2026-08-11
ORD90678,C1092,SKU4430,XXL,Black,2026-07-09
ORD90679,C2491,SKU4455,M,Blue,2026-07-23
ORD90680,C2253,SKU4445,FREE,Red,2026-07-08
ORD90681,C2242,SKU4421,XS,Blue,2026-08-17
ORD90682,C2430,SKU4421,S,Blue,2026-07-14
ORD90683,C1400,SKU4421,XL,Yellow,2026-07-26
ORD90684,C2519,SKU4430,L,Red,2026-07-26
ORD90685,C1049,SKU4450,M,White,2026-09-13
ORD90686,C1010,SKU4440,M,Black,2026-07-18
ORD90687,C1379,SKU4430,XXL,Red,2026-08-13
ORD90688,C2168,SKU4455,XL,Blue,2026-07-27
ORD90689,C2747,SKU4435,L,Pink,2026-09-10
ORD90690,C2107,SKU4421,S,Pink,2026-09-15
ORD90691,C2440,SKU4422,L,Green,2026-08-19
ORD90692,C2094,SKU4450,M,Mustard,2026-07-10
ORD90693,C1116,SKU4450,L,Mustard,2026-09-18
ORD90694,C1061,SKU4450,XL,Mustard,2026-09-22
ORD90695,C1149,SKU4430,S,Red,2026-09-02
ORD90696,C1852,SKU4440,S,White,2026-07-10
ORD90697,C1265,SKU4440,S,Blue,2026-08-31
ORD90698,C1461,SKU4421,XS,Blue,2026-09-03
ORD90699,C1113,SKU4430,L,Red,2026-07-03
ORD90700,C2125,SKU4430,M,Black,2026-08-24
ORD90701,C1396,SKU4430,XXL,Black,2026-08-15
ORD90702,C2205,SKU4455,M,Blue,2026-07-12
ORD90703,C1578,SKU4421,S,Blue,2026-07-24
ORD90704,C2444,SKU4421,XL,Pink,2026-09-02
ORD90705,C1751,SKU4430,M,Black,2026-08-08
ORD90706,C1653,SKU4430,M,Mustard,2026-08-04
ORD90707,C2444,SKU4435,S,Green,2026-08-22
ORD90708,C2723,SKU4435,S,Maroon,2026-07-18
ORD90709,C2484,SKU4422,M,White,2026-08-17
ORD90710,C2331,SKU4422,M,Blue,2026-08-26
ORD90711,C1553,SKU4455,S,Black,2026-07-05
ORD90712,C2750,SKU4430,S,Red,2026-08-05
ORD90713,C1090,SKU4435,XL,Green,2026-08-26
ORD90714,C1443,SKU4445,FREE,Pink,2026-09-14
ORD90715,C2602,SKU4430,XXL,Black,2026-08-24
ORD90716,C1794,SKU4445,FREE,Red,2026-09-09
ORD90717,C2172,SKU4455,L,Black,2026-08-24
ORD90718,C1957,SKU4445,FREE,Red,2026-08-18
ORD90719,C2637,SKU4455,M,Blue,2026-08-05
ORD90720,C1691,SKU4422,M,Blue,2026-08-07
ORD90721,C2350,SKU4421,M,Blue,2026-08-04
ORD90722,C1075,SKU4435,XL,Maroon,2026-08-29
ORD90723,C2186,SKU4435,M,Green,2026-07-08
ORD90724,C1368,SKU4422,L,White,2026-08-26
ORD90725,C1465,SKU4450,L,Mustard,2026-07-17
ORD90726,C2340,SKU4422,S,White,2026-07-15
ORD90727,C2106,SKU4455,L,Blue,2026-08-15
ORD90728,C2038,SKU4440,L,Black,2026-07-10
ORD90729,C2168,SKU4435,M,Maroon,2026-08-11
ORD90730,C1873,SKU4450,XL,White,2026-09-21
ORD90731,C1686,SKU4422,L,Blue,2026-08-16
ORD90732,C2273,SKU4450,L,Mustard,2026-08-07
ORD90733,C2701,SKU4435,L,Maroon,2026-08-18
ORD90734,C1160,SKU4440,M,White,2026-09-22
ORD90735,C2501,SKU4455,M,Black,2026-09-07
ORD90736,C2350,SKU4450,S,Peach,2026-08-30
ORD90737,C1600,SKU4430,L,Red,2026-09-12
ORD90738,C1644,SKU4430,L,Red,2026-08-28
ORD90739,C1741,SKU4421,S,Blue,2026-08-22
ORD90740,C2363,SKU4455,M,Black,2026-09-13
ORD90741,C1241,SKU4422,L,Green,2026-08-10
ORD90742,C2521,SKU4430,XXL,Mustard,2026-08-30
ORD90743,C1149,SKU4450,XL,White,2026-07-22
ORD90744,C1261,SKU4450,XL,Mustard,2026-08-15
ORD90745,C2689,SKU4435,L,Maroon,2026-08-13
ORD90746,C1151,SKU4440,S,Blue,2026-07-06
ORD90747,C1921,SKU4430,XL,Black,2026-09-19
ORD90748,C2502,SKU4430,XL,Mustard,2026-07-18
ORD90749,C2215,SKU4445,FREE,Red,2026-07-01
ORD90750,C1898,SKU4440,XL,White,2026-08-11
ORD90751,C1608,SKU4445,FREE,Red,2026-07-30
ORD90752,C2040,SKU4421,XL,Yellow,2026-09-13
ORD90753,C2550,SKU4430,L,Black,2026-08-10
ORD90754,C1569,SKU4422,M,Green,2026-09-05
ORD90755,C1339,SKU4440,S,White,2026-08-06
ORD90756,C1590,SKU4422,XL,White,2026-07-22
ORD90757,C1288,SKU4422,S,White,2026-08-05
ORD90758,C1081,SKU4435,M,Maroon,2026-09-15
ORD90759,C2704,SKU4435,M,Maroon,2026-09-01
ORD90760,C2499,SKU4430,L,Mustard,2026-08-24
ORD90761,C2466,SKU4421,L,Blue,2026-07-15
ORD90762,C1538,SKU4450,XL,Mustard,2026-09-02
ORD90763,C1686,SKU4445,FREE,Red,2026-09-03
ORD90764,C1078,SKU4440,S,Blue,2026-08-10
ORD90765,C2353,SKU4455,L,Blue,2026-09-10
ORD90766,C2200,SKU4440,S,Black,2026-07-18
ORD90767,C1310,SKU4455,M,Black,2026-08-30
ORD90768,C1406,SKU4422,XL,Green,2026-07-17
ORD90769,C1006,SKU4421,XL,Yellow,2026-07-28
ORD90770,C1079,SKU4435,M,Pink,2026-07-23
ORD90771,C1480,SKU4422,XL,Blue,2026-09-13
ORD90772,C2792,SKU4435,M,Green,2026-07-30
ORD90773,C2112,SKU4435,XL,Pink,2026-08-15
ORD90774,C1915,SKU4421,XS,Blue,2026-08-23
ORD90775,C1653,SKU4440,S,Black,2026-08-29
ORD90776,C2584,SKU4430,XL,Mustard,2026-07-17
ORD90777,C2407,SKU4450,XL,Peach,2026-08-22
ORD90778,C1124,SKU4430,XXL,Red,2026-08-22
ORD90779,C2656,SKU4430,L,Black,2026-08-20
ORD90780,C2491,SKU4430,S,Black,2026-09-01
ORD90781,C1839,SKU4440,S,White,2026-08-27
ORD90782,C2256,SKU4450,M,Peach,2026-07-15
ORD90783,C2643,SKU4421,XL,Pink,2026-07-03
ORD90784,C1129,SKU4450,L,Mustard,2026-09-09
ORD90785,C1321,SKU4435,L,Pink,2026-07-26
ORD90786,C1765,SKU4430,M,Black,2026-07-21
ORD90787,C2731,SKU4422,M,White,2026-07-05
ORD90788,C2665,SKU4440,S,White,2026-07-16
ORD90789,C2765,SKU4440,M,Blue,2026-08-04
ORD90790,C2702,SKU4455,S,Black,2026-07-25
ORD90791,C2522,SKU4430,L,Black,2026-09-04
ORD90792,C2037,SKU4440,XL,White,2026-09-07
ORD90793,C1763,SKU4421,L,Yellow,2026-08-20
ORD90794,C1050,SKU4445,FREE,Red,2026-09-12
ORD90795,C1223,SKU4422,L,Green,2026-09-11
ORD90796,C1346,SKU4430,S,Red,2026-09-10
ORD90797,C1825,SKU4455,M,Blue,2026-07-19
ORD90798,C1516,SKU4435,M,Maroon,2026-09-02
ORD90799,C2411,SKU4445,FREE,Red,2026-08-11
ORD90800,C2546,SKU4430,S,Black,2026-07-27
ORD90801,C1482,SKU4435,XL,Green,2026-09-22
ORD90802,C2432,SKU4445,FREE,Red,2026-08-24
ORD90803,C1856,SKU4435,XL,Maroon,2026-09-09
ORD90804,C2070,SKU4430,XL,Black,2026-08-04
ORD90805,C2071,SKU4450,M,White,2026-08-07
ORD90806,C1514,SKU4450,L,Peach,2026-09-16
ORD90807,C1336,SKU4422,L,Blue,2026-07-18
ORD90808,C1367,SKU4450,S,Mustard,2026-08-23
ORD90809,C2217,SKU4430,S,Mustard,2026-08-29
ORD90810,C2287,SKU4430,XXL,Red,2026-08-14
ORD90811,C1312,SKU4440,M,Black,2026-09-14
ORD90812,C1209,SKU4422,M,Green,2026-09-11
ORD90813,C2581,SKU4435,XL,Green,2026-09-12
ORD90814,C1005,SKU4440,XL,Black,2026-07-22
ORD90815,C1337,SKU4455,S,Blue,2026-07-19
ORD90816,C2047,SKU4421,XS,Pink,2026-07-18
ORD90817,C2024,SKU4430,XL,Black,2026-08-08
ORD90818,C2446,SKU4422,XL,Green,2026-08-19
ORD90819,C1160,SKU4430,XXL,Black,2026-09-06
ORD90820,C2456,SKU4450,M,Peach,2026-08-05
ORD90821,C2403,SKU4430,XL,Black,2026-08-02
ORD90822,C2773,SKU4450,L,White,2026-07-04
ORD90823,C1437,SKU4435,L,Pink,2026-08-24
ORD90824,C1366,SKU4450,M,Mustard,2026-08-17
ORD90825,C2077,SKU4455,M,Black,2026-08-16
ORD90826,C1519,SKU4440,L,Black,2026-08-17
ORD90827,C1563,SKU4421,M,Pink,2026-09-21
ORD90828,C1117,SKU4430,L,Black,2026-09-19
ORD90829,C1930,SKU4450,XL,Peach,2026-09-19
ORD90830,C1059,SKU4435,S,Maroon,2026-08-17
ORD90831,C1859,SKU4445,FREE,Red,2026-07-11
ORD90832,C1643,SKU4421,L,Yellow,2026-07-08
ORD90833,C2057,SKU4450,M,Peach,2026-08-16
ORD90834,C1564,SKU4422,M,Green,2026-07-06
ORD90835,C2529,SKU4440,XL,Black,2026-09-20
ORD90836,C1718,SKU4455,L,Black,2026-09-10
ORD90837,C1180,SKU4435,S,Pink,2026-08-29
ORD90838,C1630,SKU4440,XL,Black,2026-08-01
ORD90839,C1635,SKU4440,M,Blue,2026-07-17
ORD90840,C2003,SKU4422,XL,Green,2026-07-12
ORD90841,C2407,SKU4430,XXL,Black,2026-09-19
ORD90842,C2101,SKU4421,XL,Blue,2026-07-20
ORD90843,C2660,SKU4455,XL,Black,2026-09-21
ORD90844,C2129,SKU4430,L,Mustard,2026-09-03
ORD90845,C1528,SKU4450,S,Peach,2026-07-27
ORD90846,C2292,SKU4422,S,Blue,2026-09-23
ORD90847,C2154,SKU4421,XL,Blue,2026-08-17
ORD90848,C2289,SKU4440,S,White,2026-07-14
ORD90849,C1685,SKU4455,M,Black,2026-08-30
ORD90850,C1333,SKU4455,M,Black,2026-08-09
ORD90851,C1934,SKU4422,S,Green,2026-09-17
ORD90852,C1517,SKU4440,XL,White,2026-08-01
ORD90853,C1614,SKU4440,XL,Blue,2026-08-21
ORD90854,C1615,SKU4440,M,Blue,2026-07-22
ORD90855,C2358,SKU4455,M,Blue,2026-07-17
ORD90856,C2641,SKU4455,S,Black,2026-07-19
ORD90857,C1302,SKU4430,XL,Red,2026-09-23
ORD90858,C1483,SKU4422,L,White,2026-07-24
ORD90859,C2731,SKU4430,M,Red,2026-09-10
ORD90860,C1964,SKU4421,S,Blue,2026-07-13
ORD90861,C2702,SKU4430,M,Black,2026-08-18
ORD90862,C1651,SKU4422,S,Green,2026-07-17
ORD90863,C2222,SKU4421,M,Blue,2026-08-24
ORD90864,C1055,SKU4421,L,Yellow,2026-09-14
ORD90865,C1282,SKU4445,FREE,Green,2026-07-30
ORD90866,C1695,SKU4421,M,Blue,2026-07-12
ORD90867,C1792,SKU4422,M,Green,2026-08-09
ORD90868,C1334,SKU4435,L,Green,2026-07-23
ORD90869,C1709,SKU4435,S,Green,2026-07-11
ORD90870,C1653,SKU4421,L,Pink,2026-07-21
ORD90871,C2028,SKU4445,FREE,Green,2026-08-27
ORD90872,C1228,SKU4435,L,Pink,2026-08-16
ORD90873,C1014,SKU4455,XL,Blue,2026-07-20
ORD90874,C2664,SKU4455,L,Blue,2026-09-04
ORD90875,C1576,SKU4450,XL,White,2026-08-29
ORD90876,C1730,SKU4450,L,White,2026-08-07
ORD90877,C2220,SKU4430,L,Mustard,2026-07-05
ORD90878,C1172,SKU4445,FREE,Red,2026-07-23
ORD90879,C1882,SKU4421,S,Yellow,2026-09-02
ORD90880,C1499,SKU4430,XL,Mustard,2026-09-18
ORD90881,C1668,SKU4455,XL,Blue,2026-07-10
ORD90882,C2485,SKU4422,S,Green,2026-09-04
ORD90883,C2625,SKU4440,S,White,2026-07-15
ORD90884,C2104,SKU4422,L,Blue,2026-09-04
ORD90885,C1968,SKU4422,S,Green,2026-09-12
ORD90886,C2027,SKU4455,L,Blue,2026-08-05
ORD90887,C1558,SKU4440,M,Blue,2026-08-06
ORD90888,C2452,SKU4430,M,Red,2026-07-03
ORD90889,C2693,SKU4421,M,Yellow,2026-09-16
ORD90890,C1796,SKU4430,XXL,Black,2026-09-08
ORD90891,C1709,SKU4435,L,Green,2026-08-10
ORD90892,C2428,SKU4422,XL,White,2026-09-07
ORD90893,C2745,SKU4430,XL,Red,2026-09-23
ORD90894,C1170,SKU4421,L,Yellow,2026-08-14
ORD90895,C2538,SKU4430,XL,Black,2026-07-03
ORD90896,C2100,SKU4435,XL,Maroon,2026-08-18
ORD90897,C2126,SKU4422,M,Blue,2026-08-21
ORD90898,C1654,SKU4445,FREE,Green,2026-08-05
ORD90899,C2090,SKU4440,L,Blue,2026-09-07
ORD90900,C2691,SKU4450,XL,Mustard,2026-08-06
ORD90901,C1006,SKU4422,M,Green,2026-08-06
ORD90902,C2399,SKU4430,XL,Mustard,2026-07-23
ORD90903,C1386,SKU4430,XL,Black,2026-08-22
ORD90904,C2030,SKU4440,M,Blue,2026-09-18
ORD90905,C2248,SKU4440,XL,Black,2026-08-11
ORD90906,C1758,SKU4440,XL,Blue,2026-07-12
ORD90907,C2459,SKU4445,FREE,Red,2026-08-30
ORD90908,C1423,SKU4430,L,Red,2026-07-04
ORD90909,C2631,SKU4430,XXL,Black,2026-07-31
ORD90910,C2786,SKU4435,S,Pink,2026-08-12
ORD90911,C1014,SKU4422,XL,Blue,2026-07-09
ORD90912,C2765,SKU4440,XL,Blue,2026-08-30
ORD90913,C1247,SKU4450,L,Peach,2026-09-07
ORD90914,C2695,SKU4440,S,White,2026-08-31
ORD90915,C1744,SKU4430,XL,Mustard,2026-07-06
ORD90916,C1212,SKU4455,XL,Black,2026-07-16
ORD90917,C1750,SKU4422,S,Blue,2026-07-22
ORD90918,C1541,SKU4430,M,Black,2026-07-27
ORD90919,C2541,SKU4440,S,White,2026-09-01
ORD90920,C1677,SKU4422,L,Blue,2026-08-26
ORD90921,C2559,SKU4440,L,Blue,2026-07-05
ORD90922,C2154,SKU4435,S,Maroon,2026-08-17
ORD90923,C1624,SKU4430,M,Mustard,2026-09-20
ORD90924,C1300,SKU4430,L,Red,2026-07-17
ORD90925,C1057,SKU4450,L,Peach,2026-07-30
ORD90926,C1531,SKU4440,M,Blue,2026-07-02
ORD90927,C1348,SKU4435,XL,Green,2026-09-18
ORD90928,C1774,SKU4440,L,Blue,2026-08-17
ORD90929,C1359,SKU4435,M,Pink,2026-08-31
ORD90930,C1633,SKU4430,S,Black,2026-07-29
ORD90931,C1730,SKU4422,S,Blue,2026-07-26
ORD90932,C1467,SKU4440,S,Blue,2026-09-06
ORD90933,C1202,SKU4430,S,Black,2026-09-19
ORD90934,C2733,SKU4435,L,Pink,2026-09-07
ORD90935,C2070,SKU4450,S,Mustard,2026-09-11
ORD90936,C1568,SKU4421,XL,Blue,2026-09-09
ORD90937,C1620,SKU4422,S,White,2026-09-05
ORD90938,C1404,SKU4435,XL,Maroon,2026-08-30
ORD90939,C2545,SKU4422,XL,White,2026-08-02
ORD90940,C1989,SKU4422,M,Green,2026-09-03
ORD90941,C1509,SKU4455,L,Black,2026-09-07
ORD90942,C1228,SKU4440,L,Blue,2026-08-26
ORD90943,C2043,SKU4455,XL,Blue,2026-08-10
ORD90944,C1193,SKU4422,S,Green,2026-08-08
ORD90945,C2594,SKU4430,XXL,Red,2026-07-25
ORD90946,C1655,SKU4422,L,Blue,2026-08-09
ORD90947,C2169,SKU4435,L,Pink,2026-07-27
ORD90948,C2745,SKU4430,M,Black,2026-07-22
ORD90949,C2338,SKU4440,L,Blue,2026-08-30
ORD90950,C1966,SKU4430,L,Red,2026-08-03
ORD90951,C1683,SKU4450,L,White,2026-08-09
ORD90952,C1871,SKU4450,L,Mustard,2026-08-09
ORD90953,C1837,SKU4445,FREE,Pink,2026-07-08
ORD90954,C2676,SKU4450,XL,Mustard,2026-07-03
ORD90955,C1048,SKU4422,L,Green,2026-08-17
ORD90956,C2513,SKU4450,L,Peach,2026-09-10
ORD90957,C1152,SKU4422,XL,Green,2026-07-14
ORD90958,C1962,SKU4430,XL,Mustard,2026-09-14
ORD90959,C1573,SKU4455,XL,Black,2026-08-01
ORD90960,C2309,SKU4440,S,Black,2026-07-08
ORD90961,C1966,SKU4435,XL,Green,2026-07-15
ORD90962,C2673,SKU4422,L,Blue,2026-09-06
ORD90963,C2747,SKU4421,XS,Yellow,2026-08-10
ORD90964,C1959,SKU4445,FREE,Red,2026-08-11
ORD90965,C1522,SKU4430,M,Mustard,2026-08-03
ORD90966,C1841,SKU4455,M,Blue,2026-09-21
ORD90967,C2049,SKU4450,S,Peach,2026-07-08
ORD90968,C2618,SKU4440,S,Blue,2026-08-11
ORD90969,C2504,SKU4430,L,Mustard,2026-07-09
ORD90970,C1953,SKU4455,S,Black,2026-08-05
ORD90971,C1149,SKU4450,M,Peach,2026-08-12
ORD90972,C1043,SKU4440,XL,Blue,2026-08-25
ORD90973,C1017,SKU4430,XXL,Black,2026-07-03
ORD90974,C2381,SKU4430,L,Red,2026-09-13
ORD90975,C2464,SKU4435,M,Pink,2026-08-15
ORD90976,C1371,SKU4422,M,White,2026-08-09
ORD90977,C1713,SKU4435,S,Maroon,2026-09-08
ORD90978,C1427,SKU4430,L,Red,2026-09-23
ORD90979,C2581,SKU4422,L,White,2026-07-28
ORD90980,C1052,SKU4421,L,Pink,2026-08-18
ORD90981,C1915,SKU4445,FREE,Pink,2026-07-07
ORD90982,C1190,SKU4422,XL,Blue,2026-07-16
ORD90983,C1246,SKU4435,S,Maroon,2026-07-27
ORD90984,C1850,SKU4445,FREE,Green,2026-08-10
ORD90985,C2041,SKU4455,L,Black,2026-08-02
ORD90986,C1819,SKU4430,S,Black,2026-08-23
ORD90987,C1889,SKU4421,M,Blue,2026-07-09
ORD90988,C2332,SKU4440,M,Blue,2026-07-11
ORD90989,C2494,SKU4430,XL,Red,2026-08-05
ORD90990,C2156,SKU4430,M,Red,2026-07-23
ORD90991,C1357,SKU4440,M,White,2026-07-23
ORD90992,C2610,SKU4455,M,Black,2026-07-15
ORD90993,C1764,SKU4435,L,Green,2026-09-19
ORD90994,C1679,SKU4422,L,White,2026-07-04
ORD90995,C1714,SKU4435,M,Maroon,2026-07-02
ORD90996,C1951,SKU4421,XS,Pink,2026-08-30
ORD90997,C2657,SKU4450,XL,White,2026-09-16
ORD90998,C1661,SKU4430,XL,Black,2026-07-17
ORD90999,C1978,SKU4430,XXL,Mustard,2026-07-13
ORD91000,C2054,SKU4450,M,White,2026-07-29
ORD91001,C2468,SKU4455,M,Blue,2026-07-13
ORD91002,C1513,SKU4450,S,White,2026-07-29
ORD91003,C2368,SKU4440,L,Blue,2026-08-29
ORD91004,C1864,SKU4435,L,Maroon,2026-08-11
ORD91005,C2294,SKU4422,S,Blue,2026-08-19
ORD91006,C1830,SKU4450,M,Peach,2026-09-12
ORD91007,C1241,SKU4422,L,Blue,2026-08-26
ORD91008,C1522,SKU4440,L,White,2026-07-24
ORD91009,C2368,SKU4450,XL,Peach,2026-07-13
ORD91010,C1873,SKU4445,FREE,Red,2026-08-16
ORD91011,C1936,SKU4455,M,Blue,2026-07-30
ORD91012,C1628,SKU4421,M,Pink,2026-08-14
ORD91013,C1814,SKU4435,S,Pink,2026-07-24
ORD91014,C2589,SKU4450,M,White,2026-07-29
ORD91015,C1205,SKU4440,M,White,2026-07-21
ORD91016,C2107,SKU4440,M,Blue,2026-07-20
ORD91017,C1820,SKU4440,M,White,2026-07-07
ORD91018,C1659,SKU4455,XL,Black,2026-08-29
ORD91019,C2450,SKU4455,S,Blue,2026-08-02
ORD91020,C1121,SKU4430,XXL,Mustard,2026-07-09
ORD91021,C1801,SKU4422,XL,White,2026-08-01
ORD91022,C1509,SKU4440,XL,Blue,2026-07-25
ORD91023,C1252,SKU4421,M,Pink,2026-08-21
ORD91024,C1291,SKU4440,M,Black,2026-08-26
ORD91025,C2066,SKU4445,FREE,Green,2026-07-16
ORD91026,C2352,SKU4421,XL,Blue,2026-07-30
ORD91027,C2544,SKU4450,XL,White,2026-07-10
ORD91028,C2716,SKU4430,L,Red,2026-08-18
ORD91029,C1344,SKU4421,L,Blue,2026-09-13
ORD91030,C2070,SKU4440,XL,White,2026-07-29
ORD91031,C2713,SKU4455,L,Blue,2026-09-02
ORD91032,C2771,SKU4430,S,Mustard,2026-07-14
ORD91033,C2040,SKU4450,L,Mustard,2026-09-20
ORD91034,C2148,SKU4440,S,Blue,2026-09-01
ORD91035,C1220,SKU4440,XL,Black,2026-09-16
ORD91036,C1240,SKU4450,S,Peach,2026-07-13
ORD91037,C1711,SKU4422,XL,Green,2026-07-06
ORD91038,C1076,SKU4430,XL,Mustard,2026-09-05
ORD91039,C1442,SKU4450,XL,Peach,2026-07-04
ORD91040,C1844,SKU4421,M,Pink,2026-08-07
ORD91041,C1721,SKU4445,FREE,Pink,2026-08-14
ORD91042,C1938,SKU4422,XL,White,2026-08-11
ORD91043,C2578,SKU4440,M,Black,2026-09-10
ORD91044,C2729,SKU4440,XL,White,2026-07-23
ORD91045,C2515,SKU4421,M,Yellow,2026-09-07
ORD91046,C2478,SKU4455,L,Black,2026-07-13
ORD91047,C1381,SKU4430,XXL,Black,2026-09-20
ORD91048,C2650,SKU4422,XL,Green,2026-08-13
ORD91049,C1032,SKU4430,M,Red,2026-08-11
ORD91050,C1364,SKU4440,L,Blue,2026-09-07
ORD91051,C2457,SKU4440,M,Black,2026-07-12
ORD91052,C2466,SKU4450,XL,Mustard,2026-07-19
ORD91053,C2730,SKU4430,M,Black,2026-07-14
ORD91054,C1168,SKU4450,L,Peach,2026-09-11
ORD91055,C1317,SKU4422,S,White,2026-09-09
ORD91056,C1502,SKU4422,XL,White,2026-07-29
ORD91057,C1607,SKU4430,M,Red,2026-07-02
ORD91058,C1848,SKU4421,XL,Blue,2026-08-26
ORD91059,C2736,SKU4455,M,Black,2026-07-24
ORD91060,C2447,SKU4430,XXL,Black,2026-08-03
ORD91061,C1746,SKU4430,L,Black,2026-08-17
ORD91062,C2419,SKU4455,L,Black,2026-07-10
ORD91063,C1263,SKU4450,M,Peach,2026-09-13
ORD91064,C2653,SKU4455,XL,Black,2026-07-14
ORD91065,C2134,SKU4422,L,Blue,2026-09-21
ORD91066,C1942,SKU4422,L,Blue,2026-07-07
ORD91067,C1045,SKU4435,XL,Maroon,2026-07-22
ORD91068,C2776,SKU4435,S,Green,2026-08-31
ORD91069,C2166,SKU4421,M,Pink,2026-08-05
ORD91070,C2167,SKU4440,L,White,2026-07-30
ORD91071,C2395,SKU4435,XL,Maroon,2026-09-08
ORD91072,C2203,SKU4450,S,Peach,2026-08-15
ORD91073,C2500,SKU4455,S,Black,2026-07-21
ORD91074,C2329,SKU4455,M,Blue,2026-07-04
ORD91075,C1826,SKU4445,FREE,Red,2026-07-13
ORD91076,C2426,SKU4455,XL,Black,2026-08-18
ORD91077,C1727,SKU4450,M,White,2026-08-09
ORD91078,C1377,SKU4430,L,Black,2026-07-12
ORD91079,C1167,SKU4422,L,Blue,2026-09-20
ORD91080,C1124,SKU4445,FREE,Red,2026-09-16
ORD91081,C1003,SKU4421,M,Pink,2026-07-22
ORD91082,C1627,SKU4435,S,Green,2026-08-19
ORD91083,C2228,SKU4422,L,White,2026-07-20
ORD91084,C2039,SKU4422,XL,Blue,2026-07-23
ORD91085,C2100,SKU4450,S,Peach,2026-07-05
ORD91086,C1220,SKU4450,S,Mustard,2026-08-07
ORD91087,C1395,SKU4422,M,White,2026-09-02
ORD91088,C2122,SKU4455,L,Black,2026-09-23
ORD91089,C1134,SKU4450,S,Peach,2026-09-09
ORD91090,C2626,SKU4430,M,Black,2026-07-25
ORD91091,C1202,SKU4430,XL,Mustard,2026-09-14
ORD91092,C2177,SKU4421,M,Yellow,2026-09-11
ORD91093,C1277,SKU4435,M,Green,2026-08-11
ORD91094,C1772,SKU4422,XL,Green,2026-08-25
ORD91095,C1385,SKU4440,S,Blue,2026-07-06
ORD91096,C2111,SKU4430,XXL,Mustard,2026-09-12
ORD91097,C1096,SKU4430,S,Mustard,2026-07-04
ORD91098,C2687,SKU4430,L,Mustard,2026-07-07
ORD91099,C2394,SKU4450,M,Peach,2026-08-17
ORD91100,C1453,SKU4455,S,Black,2026-07-24
ORD91101,C2169,SKU4421,S,Blue,2026-07-27
ORD91102,C1594,SKU4421,L,Pink,2026-07-15
ORD91103,C2273,SKU4421,S,Yellow,2026-08-01
ORD91104,C2454,SKU4450,XL,Peach,2026-09-12
ORD91105,C1838,SKU4440,M,Blue,2026-08-04
ORD91106,C2725,SKU4430,XL,Black,2026-08-05
ORD91107,C1021,SKU4450,XL,Mustard,2026-09-15
ORD91108,C2412,SKU4430,XL,Red,2026-09-23
ORD91109,C1136,SKU4440,S,Black,2026-09-01
ORD91110,C1583,SKU4430,L,Mustard,2026-08-20
ORD91111,C2558,SKU4430,XXL,Black,2026-07-14
ORD91112,C2733,SKU4450,M,White,2026-09-10
ORD91113,C1223,SKU4421,XS,Blue,2026-08-31
ORD91114,C2561,SKU4421,L,Pink,2026-07-11
ORD91115,C1897,SKU4421,L,Yellow,2026-08-17
ORD91116,C2570,SKU4430,S,Mustard,2026-09-03
ORD91117,C1029,SKU4445,FREE,Red,2026-09-11
ORD91118,C1946,SKU4430,L,Red,2026-08-14
ORD91119,C1597,SKU4440,XL,White,2026-07-20
ORD91120,C2476,SKU4422,M,Green,2026-09-23
ORD91121,C2082,SKU4450,S,White,2026-09-16
ORD91122,C2402,SKU4422,L,White,2026-07-15
ORD91123,C2666,SKU4421,XS,Yellow,2026-07-08
ORD91124,C2154,SKU4440,M,Blue,2026-07-05
ORD91125,C1790,SKU4421,L,Yellow,2026-09-21
ORD91126,C1737,SKU4435,M,Green,2026-09-07
ORD91127,C1941,SKU4430,L,Red,2026-07-06
ORD91128,C2720,SKU4450,M,Mustard,2026-07-17
ORD91129,C1943,SKU4422,XL,Green,2026-08-23
ORD91130,C1691,SKU4430,XL,Black,2026-08-16
ORD91131,C1444,SKU4430,XXL,Red,2026-08-01
ORD91132,C2766,SKU4440,L,White,2026-09-09
ORD91133,C1289,SKU4430,L,Red,2026-08-20
ORD91134,C1844,SKU4435,XL,Green,2026-09-18
ORD91135,C2575,SKU4422,M,Green,2026-09-11
ORD91136,C1648,SKU4430,M,Red,2026-08-22
ORD91137,C2250,SKU4450,M,Mustard,2026-08-10
ORD91138,C2611,SKU4440,S,Blue,2026-07-13
ORD91139,C2721,SKU4422,M,White,2026-08-09
ORD91140,C1242,SKU4455,M,Blue,2026-08-23
ORD91141,C2287,SKU4440,M,Blue,2026-09-09
ORD91142,C1300,SKU4455,M,Blue,2026-09-23
ORD91143,C1968,SKU4421,XS,Pink,2026-08-18
ORD91144,C1903,SKU4422,S,Blue,2026-08-16
ORD91145,C1704,SKU4422,S,Green,2026-09-11
ORD91146,C1276,SKU4455,L,Blue,2026-07-23
ORD91147,C2298,SKU4440,M,Black,2026-07-26
ORD91148,C2637,SKU4445,FREE,Pink,2026-09-16
ORD91149,C2743,SKU4440,XL,Black,2026-08-16
ORD91150,C1341,SKU4435,S,Green,2026-08-10
ORD91151,C2504,SKU4435,M,Pink,2026-07-02
ORD91152,C1795,SKU4430,M,Black,2026-08-18
ORD91153,C1546,SKU4445,FREE,Pink,2026-08-06
ORD91154,C1133,SKU4421,XS,Pink,2026-08-17
ORD91155,C2480,SKU4450,S,White,2026-07-02
ORD91156,C2254,SKU4440,L,Blue,2026-07-14
ORD91157,C1380,SKU4445,FREE,Green,2026-07-11
ORD91158,C1430,SKU4455,S,Black,2026-07-30
ORD91159,C2039,SKU4445,FREE,Pink,2026-07-24
ORD91160,C2301,SKU4450,M,White,2026-08-20
ORD91161,C1584,SKU4430,XL,Mustard,2026-09-20
ORD91162,C2086,SKU4422,L,Blue,2026-07-31
ORD91163,C1024,SKU4421,L,Pink,2026-08-27
ORD91164,C2429,SKU4440,L,Blue,2026-08-16
ORD91165,C2489,SKU4440,S,Blue,2026-08-03
ORD91166,C1614,SKU4430,XL,Black,2026-09-02
ORD91167,C1349,SKU4430,M,Red,2026-09-14
ORD91168,C2788,SKU4422,XL,Green,2026-07-04
ORD91169,C1028,SKU4430,M,Black,2026-08-16
ORD91170,C1376,SKU4450,M,White,2026-09-14
ORD91171,C1690,SKU4421,L,Pink,2026-08-04
ORD91172,C2363,SKU4435,XL,Maroon,2026-09-01
ORD91173,C2293,SKU4422,XL,White,2026-08-09
ORD91174,C2226,SKU4440,XL,Blue,2026-07-16
ORD91175,C1756,SKU4430,L,Mustard,2026-07-17
ORD91176,C1854,SKU4435,S,Green,2026-08-17
ORD91177,C1975,SKU4455,M,Black,2026-09-20
ORD91178,C1260,SKU4435,L,Pink,2026-07-25
ORD91179,C2248,SKU4450,M,Peach,2026-09-14
ORD91180,C1039,SKU4450,XL,Peach,2026-08-30
ORD91181,C1658,SKU4450,XL,White,2026-09-18
ORD91182,C1745,SKU4450,L,Peach,2026-07-19
ORD91183,C1006,SKU4421,S,Pink,2026-09-20
ORD91184,C2604,SKU4450,XL,Peach,2026-07-19
ORD91185,C1409,SKU4430,L,Mustard,2026-09-07
ORD91186,C2506,SKU4440,S,White,2026-07-08
ORD91187,C1866,SKU4435,L,Maroon,2026-08-18
ORD91188,C1295,SKU4450,L,Mustard,2026-07-27
ORD91189,C2216,SKU4430,XL,Mustard,2026-07-21
ORD91190,C1405,SKU4430,L,Black,2026-08-05
ORD91191,C1661,SKU4430,M,Mustard,2026-07-17
ORD91192,C1755,SKU4421,M,Yellow,2026-08-31
ORD91193,C2549,SKU4421,M,Blue,2026-09-11
ORD91194,C2017,SKU4450,S,Peach,2026-07-17
ORD91195,C2008,SKU4430,XL,Black,2026-07-09
ORD91196,C2422,SKU4421,L,Yellow,2026-08-20
ORD91197,C2726,SKU4422,S,White,2026-09-21
ORD91198,C1312,SKU4435,S,Maroon,2026-07-30
ORD91199,C2548,SKU4421,M,Blue,2026-08-19
ORD91200,C1048,SKU4430,XXL,Black,2026-09-02
ORD91201,C2207,SKU4440,S,Black,2026-07-26
ORD91202,C1576,SKU4422,S,Blue,2026-09-18
ORD91203,C2544,SKU4430,XL,Red,2026-07-26
ORD91204,C1244,SKU4430,L,Black,2026-08-20
ORD91205,C2375,SKU4430,XL,Mustard,2026-09-22
ORD91206,C1793,SKU4430,M,Red,2026-07-06
ORD91207,C2506,SKU4445,FREE,Red,2026-09-11
ORD91208,C1739,SKU4450,M,Peach,2026-08-08
ORD91209,C1444,SKU4440,M,Blue,2026-08-02
ORD91210,C1422,SKU4430,M,Red,2026-08-12
ORD91211,C2232,SKU4445,FREE,Pink,2026-08-20
ORD91212,C1159,SKU4455,XL,Black,2026-08-01
ORD91213,C2755,SKU4450,S,Peach,2026-07-07
ORD91214,C1855,SKU4445,FREE,Red,2026-08-05
ORD91215,C1290,SKU4430,S,Red,2026-08-08
ORD91216,C2524,SKU4455,M,Blue,2026-09-20
ORD91217,C1230,SKU4450,XL,White,2026-07-02
ORD91218,C1814,SKU4421,S,Pink,2026-07-09
ORD91219,C1844,SKU4421,L,Blue,2026-08-29
ORD91220,C2785,SKU4450,S,Peach,2026-08-04
ORD91221,C2788,SKU4440,S,Blue,2026-07-06
ORD91222,C1586,SKU4450,XL,White,2026-07-07
ORD91223,C1335,SKU4440,XL,White,2026-09-08
ORD91224,C1710,SKU4455,M,Black,2026-09-20
ORD91225,C2571,SKU4440,L,White,2026-08-14
ORD91226,C1835,SKU4450,XL,Peach,2026-09-08
ORD91227,C1681,SKU4430,XXL,Black,2026-07-18
ORD91228,C1087,SKU4440,XL,Blue,2026-07-22
ORD91229,C2295,SKU4455,M,Black,2026-09-08
ORD91230,C1167,SKU4422,M,White,2026-08-20
ORD91231,C2178,SKU4450,S,Peach,2026-07-14
ORD91232,C2678,SKU4430,XL,Mustard,2026-09-23
ORD91233,C1462,SKU4440,XL,Blue,2026-07-14
ORD91234,C2625,SKU4430,M,Mustard,2026-07-01
ORD91235,C2423,SKU4450,XL,White,2026-07-10
ORD91236,C2109,SKU4422,XL,Green,2026-07-27
ORD91237,C1063,SKU4455,M,Blue,2026-07-03
ORD91238,C1926,SKU4422,S,White,2026-08-02
ORD91239,C1021,SKU4430,L,Mustard,2026-08-21
ORD91240,C1622,SKU4430,XL,Black,2026-07-27
ORD91241,C2215,SKU4440,XL,Blue,2026-09-17
ORD91242,C2270,SKU4445,FREE,Green,2026-09-14
ORD91243,C1079,SKU4455,XL,Blue,2026-08-18
ORD91244,C2113,SKU4445,FREE,Pink,2026-08-02
ORD91245,C2534,SKU4422,S,Green,2026-08-18
ORD91246,C1634,SKU4440,XL,Black,2026-08-11
ORD91247,C1840,SKU4445,FREE,Red,2026-09-17
ORD91248,C1141,SKU4440,S,Blue,2026-08-26
ORD91249,C2483,SKU4435,XL,Pink,2026-09-22
ORD91250,C1987,SKU4430,M,Red,2026-07-26
ORD91251,C1619,SKU4421,S,Blue,2026-07-06
ORD91252,C2461,SKU4430,XXL,Black,2026-07-30
ORD91253,C1285,SKU4445,FREE,Red,2026-07-22
ORD91254,C1750,SKU4455,S,Black,2026-09-02
ORD91255,C2300,SKU4430,XXL,Mustard,2026-08-17
ORD91256,C2141,SKU4430,S,Black,2026-08-25
ORD91257,C1972,SKU4421,XS,Blue,2026-08-15
ORD91258,C1331,SKU4455,M,Blue,2026-07-04
ORD91259,C1475,SKU4440,S,Blue,2026-07-06
ORD91260,C1122,SKU4430,XL,Red,2026-08-17
ORD91261,C2199,SKU4421,XL,Yellow,2026-08-04
ORD91262,C2762,SKU4430,M,Black,2026-08-01
ORD91263,C1438,SKU4422,XL,Green,2026-08-31
ORD91264,C2366,SKU4430,XXL,Red,2026-07-19
ORD91265,C1148,SKU4435,S,Green,2026-09-04
ORD91266,C1461,SKU4422,XL,Blue,2026-08-16
ORD91267,C2598,SKU4430,XL,Red,2026-08-11
ORD91268,C2241,SKU4422,L,Green,2026-08-27
ORD91269,C2618,SKU4422,M,Green,2026-09-17
ORD91270,C2067,SKU4430,M,Red,2026-09-15
ORD91271,C1854,SKU4445,FREE,Green,2026-07-04
ORD91272,C2239,SKU4440,L,White,2026-09-07
ORD91273,C1790,SKU4430,XL,Mustard,2026-09-01
ORD91274,C1186,SKU4450,M,Mustard,2026-08-13
ORD91275,C1549,SKU4455,S,Black,2026-09-19
ORD91276,C1490,SKU4450,M,Mustard,2026-08-11
ORD91277,C2060,SKU4430,L,Red,2026-08-12
ORD91278,C1385,SKU4422,XL,Blue,2026-09-23
ORD91279,C1389,SKU4450,M,Peach,2026-08-07
ORD91280,C1418,SKU4430,XXL,Mustard,2026-08-11
ORD91281,C2307,SKU4440,M,Black,2026-08-07
ORD91282,C2658,SKU4440,L,Black,2026-09-21
ORD91283,C2163,SKU4422,XL,Blue,2026-08-04
ORD91284,C1517,SKU4430,L,Mustard,2026-07-10
ORD91285,C1136,SKU4430,XXL,Black,2026-07-01
ORD91286,C2195,SKU4455,XL,Black,2026-09-09
ORD91287,C1104,SKU4435,XL,Maroon,2026-08-04
ORD91288,C1975,SKU4440,XL,Blue,2026-07-14
ORD91289,C1740,SKU4430,M,Red,2026-07-16
ORD91290,C1220,SKU4455,S,Blue,2026-08-05
ORD91291,C1419,SKU4422,S,Blue,2026-08-24
ORD91292,C2721,SKU4440,L,Blue,2026-08-15
ORD91293,C1351,SKU4421,XL,Blue,2026-07-29
ORD91294,C1035,SKU4450,M,Peach,2026-09-17
ORD91295,C1255,SKU4421,XL,Blue,2026-09-01
ORD91296,C2248,SKU4450,M,White,2026-08-28
ORD91297,C1006,SKU4422,M,Green,2026-07-14
ORD91298,C1913,SKU4430,XXL,Mustard,2026-08-19
ORD91299,C1906,SKU4421,XS,Blue,2026-08-26
ORD91300,C2566,SKU4450,XL,White,2026-09-08
ORD91301,C1701,SKU4450,XL,Mustard,2026-09-06
ORD91302,C1424,SKU4450,XL,White,2026-08-21
ORD91303,C1472,SKU4430,L,Red,2026-08-07
ORD91304,C1499,SKU4450,S,Peach,2026-09-11
ORD91305,C1706,SKU4421,XS,Blue,2026-09-12
ORD91306,C1868,SKU4421,L,Yellow,2026-08-27
ORD91307,C1746,SKU4440,M,Black,2026-08-18
ORD91308,C1570,SKU4430,L,Red,2026-08-25
ORD91309,C2066,SKU4422,XL,Green,2026-07-22
ORD91310,C2234,SKU4450,M,White,2026-07-26
ORD91311,C2093,SKU4421,XS,Blue,2026-07-23
ORD91312,C1312,SKU4435,L,Pink,2026-07-23
ORD91313,C2569,SKU4422,S,Green,2026-07-22
ORD91314,C1342,SKU4450,S,Mustard,2026-07-18
ORD91315,C2241,SKU4421,S,Pink,2026-09-20
ORD91316,C1588,SKU4421,L,Pink,2026-07-01
ORD91317,C2487,SKU4450,XL,Peach,2026-09-08
ORD91318,C2471,SKU4435,L,Pink,2026-09-12
ORD91319,C1341,SKU4430,L,Mustard,2026-08-22
ORD91320,C2228,SKU4435,S,Maroon,2026-07-10
ORD91321,C1783,SKU4450,S,Peach,2026-08-22
ORD91322,C2536,SKU4430,L,Black,2026-07-26
ORD91323,C1955,SKU4455,L,Black,2026-08-21
ORD91324,C1851,SKU4430,M,Black,2026-07-17
ORD91325,C1605,SKU4422,M,Blue,2026-07-13
ORD91326,C1159,SKU4430,XL,Mustard,2026-08-25
ORD91327,C1082,SKU4430,XXL,Mustard,2026-08-31
ORD91328,C1678,SKU4450,XL,White,2026-08-15
ORD91329,C1298,SKU4455,M,Blue,2026-07-13
ORD91330,C1447,SKU4440,S,Black,2026-09-04
ORD91331,C2635,SKU4430,XL,Black,2026-08-12
ORD91332,C1104,SKU4430,L,Black,2026-08-17
ORD91333,C2563,SKU4440,XL,White,2026-08-25
ORD91334,C1676,SKU4440,S,Black,2026-08-18
ORD91335,C2560,SKU4430,L,Red,2026-07-19
ORD91336,C1451,SKU4421,L,Blue,2026-08-20
ORD91337,C1135,SKU4435,L,Maroon,2026-07-01
ORD91338,C2662,SKU4435,S,Pink,2026-08-28
ORD91339,C2181,SKU4440,L,White,2026-08-03
ORD91340,C2078,SKU4450,L,Peach,2026-08-11
ORD91341,C1463,SKU4440,L,Blue,2026-08-01
ORD91342,C1615,SKU4430,L,Black,2026-09-04
ORD91343,C1615,SKU4445,FREE,Red,2026-09-14
ORD91344,C2729,SKU4422,M,Blue,2026-07-29
ORD91345,C1201,SKU4450,M,Mustard,2026-07-20
ORD91346,C1858,SKU4435,XL,Pink,2026-08-21
ORD91347,C1985,SKU4430,M,Red,2026-09-18
ORD91348,C1831,SKU4440,L,Black,2026-08-25
ORD91349,C1758,SKU4422,XL,White,2026-08-12
ORD91350,C1438,SKU4422,XL,Green,2026-09-14
ORD91351,C2647,SKU4450,L,White,2026-09-17
ORD91352,C2747,SKU4422,L,Blue,2026-08-18
ORD91353,C1965,SKU4450,M,White,2026-07-01
ORD91354,C2364,SKU4421,M,Yellow,2026-08-15
ORD91355,C1079,SKU4421,M,Blue,2026-07-13
ORD91356,C2682,SKU4421,XS,Yellow,2026-07-01
ORD91357,C1547,SKU4450,XL,Mustard,2026-07-14
ORD91358,C1283,SKU4440,S,Blue,2026-08-06
ORD91359,C2423,SKU4421,M,Yellow,2026-07-21
ORD91360,C2338,SKU4430,XXL,Black,2026-08-07
ORD91361,C1431,SKU4430,M,Black,2026-08-11
ORD91362,C1120,SKU4422,M,White,2026-07-11
ORD91363,C1305,SKU4421,XS,Blue,2026-07-17
ORD91364,C2186,SKU4430,L,Mustard,2026-08-10
ORD91365,C2368,SKU4435,XL,Maroon,2026-09-21
ORD91366,C1969,SKU4435,L,Pink,2026-07-27
ORD91367,C1135,SKU4430,XL,Red,2026-08-14
ORD91368,C2670,SKU4445,FREE,Pink,2026-07-18
ORD91369,C2777,SKU4455,XL,Black,2026-09-11
ORD91370,C1190,SKU4421,S,Blue,2026-08-23
ORD91371,C1491,SKU4455,M,Blue,2026-07-18
ORD91372,C1855,SKU4435,L,Maroon,2026-07-24
ORD91373,C1680,SKU4450,M,White,2026-07-19
ORD91374,C2082,SKU4450,L,Peach,2026-08-20
ORD91375,C1931,SKU4440,M,White,2026-07-06
ORD91376,C1091,SKU4440,L,Blue,2026-08-28
ORD91377,C1971,SKU4421,XL,Yellow,2026-07-09
ORD91378,C1472,SKU4430,XL,Mustard,2026-09-12
ORD91379,C1614,SKU4450,M,Mustard,2026-08-03
ORD91380,C1520,SKU4450,M,Peach,2026-09-13
ORD91381,C2682,SKU4421,S,Pink,2026-07-29
ORD91382,C2643,SKU4430,XL,Red,2026-07-10
ORD91383,C2778,SKU4435,XL,Maroon,2026-09-03
ORD91384,C1104,SKU4450,L,Peach,2026-09-23
ORD91385,C1796,SKU4440,L,Black,2026-07-31
ORD91386,C1029,SKU4430,XXL,Mustard,2026-07-26
ORD91387,C1203,SKU4421,S,Blue,2026-07-03
ORD91388,C1598,SKU4445,FREE,Red,2026-09-23
ORD91389,C1740,SKU4430,XL,Red,2026-07-21
ORD91390,C1318,SKU4455,L,Blue,2026-07-10
ORD91391,C2594,SKU4450,S,White,2026-07-09
ORD91392,C2566,SKU4445,FREE,Red,2026-07-15
ORD91393,C1250,SKU4421,XL,Blue,2026-09-04
ORD91394,C1723,SKU4440,S,White,2026-07-12
ORD91395,C2270,SKU4450,L,Peach,2026-07-03
ORD91396,C1298,SKU4450,S,White,2026-07-21
ORD91397,C1719,SKU4435,M,Green,2026-09-19
ORD91398,C2709,SKU4435,S,Pink,2026-07-30
ORD91399,C1659,SKU4455,XL,Black,2026-08-19
ORD91400,C1385,SKU4422,S,White,2026-08-27
ORD91401,C2217,SKU4450,S,White,2026-07-13
ORD91402,C2133,SKU4445,FREE,Pink,2026-09-02
ORD91403,C2660,SKU4445,FREE,Red,2026-09-18
ORD91404,C2670,SKU4440,M,Blue,2026-08-03
ORD91405,C2087,SKU4422,L,Green,2026-07-10
ORD91406,C1053,SKU4435,L,Green,2026-07-03
ORD91407,C2234,SKU4430,S,Red,2026-09-06
ORD91408,C2572,SKU4421,XS,Pink,2026-08-03
ORD91409,C2192,SKU4450,M,Peach,2026-07-28
ORD91410,C2545,SKU4422,L,Green,2026-09-09
ORD91411,C1609,SKU4450,L,Peach,2026-09-23
ORD91412,C1190,SKU4430,S,Black,2026-08-23
ORD91413,C1193,SKU4422,S,White,2026-07-09
ORD91414,C1960,SKU4440,S,White,2026-07-06
ORD91415,C2210,SKU4430,S,Black,2026-07-21
ORD91416,C1344,SKU4450,M,White,2026-08-12
ORD91417,C1447,SKU4455,S,Blue,2026-08-30
ORD91418,C1010,SKU4421,XL,Pink,2026-08-22
ORD91419,C1487,SKU4450,M,Mustard,2026-09-09
ORD91420,C1510,SKU4430,XXL,Black,2026-08-04
ORD91421,C2239,SKU4450,XL,Mustard,2026-09-21
ORD91422,C2415,SKU4455,XL,Blue,2026-08-02
ORD91423,C1271,SKU4422,S,Blue,2026-08-01
ORD91424,C2497,SKU4422,M,Blue,2026-07-06
ORD91425,C1915,SKU4421,XS,Blue,2026-07-27
ORD91426,C1841,SKU4445,FREE,Pink,2026-08-11
ORD91427,C1412,SKU4435,L,Green,2026-09-23
ORD91428,C2781,SKU4422,XL,Green,2026-07-25
ORD91429,C1560,SKU4455,M,Black,2026-09-01
ORD91430,C1125,SKU4422,XL,Green,2026-07-21
ORD91431,C1417,SKU4450,XL,Peach,2026-08-07
ORD91432,C1362,SKU4450,M,Mustard,2026-08-05
ORD91433,C1930,SKU4421,XL,Pink,2026-09-14
ORD91434,C2719,SKU4440,XL,Black,2026-08-05
ORD91435,C1897,SKU4430,M,Black,2026-07-29
ORD91436,C1787,SKU4421,S,Yellow,2026-09-01
ORD91437,C2477,SKU4455,M,Blue,2026-08-04
ORD91438,C2057,SKU4422,S,Green,2026-09-23
ORD91439,C1219,SKU4445,FREE,Red,2026-09-11
ORD91440,C2752,SKU4430,M,Mustard,2026-09-10
ORD91441,C2082,SKU4450,M,Peach,2026-09-02
ORD91442,C2200,SKU4445,FREE,Pink,2026-08-04
ORD91443,C1730,SKU4430,XXL,Mustard,2026-09-11
ORD91444,C1093,SKU4435,M,Maroon,2026-08-11
ORD91445,C2009,SKU4430,M,Mustard,2026-08-12
ORD91446,C2157,SKU4455,S,Blue,2026-07-14
ORD91447,C1844,SKU4422,S,White,2026-08-29
ORD91448,C1903,SKU4445,FREE,Green,2026-09-09
ORD91449,C1198,SKU4422,M,White,2026-08-17
ORD91450,C2099,SKU4440,S,White,2026-09-15
ORD91451,C2411,SKU4455,M,Blue,2026-08-30
ORD91452,C2629,SKU4422,S,Green,2026-07-28
ORD91453,C1469,SKU4430,S,Mustard,2026-09-13
ORD91454,C1730,SKU4422,XL,Blue,2026-08-14
ORD91455,C2284,SKU4435,M,Maroon,2026-07-13
ORD91456,C1479,SKU4440,M,Black,2026-07-21
ORD91457,C1271,SKU4445,FREE,Red,2026-07-26
ORD91458,C1275,SKU4421,L,Pink,2026-09-18
ORD91459,C1015,SKU4421,S,Blue,2026-08-18
ORD91460,C1222,SKU4421,S,Yellow,2026-08-23
ORD91461,C2697,SKU4450,L,Mustard,2026-07-21
ORD91462,C1352,SKU4435,M,Green,2026-08-24
ORD91463,C2241,SKU4450,L,Mustard,2026-08-03
ORD91464,C1110,SKU4450,S,Peach,2026-07-17
ORD91465,C1808,SKU4445,FREE,Green,2026-08-31
ORD91466,C1368,SKU4440,M,Black,2026-09-05
ORD91467,C2041,SKU4422,M,White,2026-07-07
ORD91468,C2131,SKU4435,S,Maroon,2026-09-07
ORD91469,C1183,SKU4421,S,Yellow,2026-09-20
ORD91470,C2119,SKU4440,S,White,2026-09-20
ORD91471,C1171,SKU4440,S,Blue,2026-07-04
ORD91472,C1984,SKU4445,FREE,Red,2026-07-25
ORD91473,C1117,SKU4421,XL,Yellow,2026-08-17
ORD91474,C1723,SKU4445,FREE,Green,2026-07-20
ORD91475,C1326,SKU4440,L,White,2026-08-03
ORD91476,C2614,SKU4422,L,Blue,2026-09-18
ORD91477,C2482,SKU4430,L,Red,2026-08-16
ORD91478,C1251,SKU4435,XL,Green,2026-09-11
ORD91479,C2131,SKU4450,XL,Peach,2026-07-06
ORD91480,C1492,SKU4440,S,White,2026-07-27
ORD91481,C2610,SKU4450,XL,Peach,2026-08-15
ORD91482,C1124,SKU4445,FREE,Red,2026-07-09
ORD91483,C2709,SKU4421,XS,Blue,2026-08-02
ORD91484,C2501,SKU4450,S,Mustard,2026-09-19
ORD91485,C1317,SKU4440,XL,White,2026-08-01
ORD91486,C2486,SKU4422,XL,Blue,2026-08-07
ORD91487,C1324,SKU4440,L,White,2026-08-08
ORD91488,C1597,SKU4422,XL,White,2026-08-19
ORD91489,C2551,SKU4440,M,White,2026-08-17
ORD91490,C2476,SKU4450,M,Mustard,2026-07-30
ORD91491,C2772,SKU4430,M,Black,2026-07-25
ORD91492,C1630,SKU4421,XS,Blue,2026-08-18
ORD91493,C2668,SKU4422,L,Blue,2026-09-12
ORD91494,C1754,SKU4455,S,Blue,2026-07-14
ORD91495,C2485,SKU4440,M,White,2026-08-12
ORD91496,C1076,SKU4435,S,Pink,2026-08-13
ORD91497,C1442,SKU4440,L,Black,2026-07-27
ORD91498,C1527,SKU4445,FREE,Red,2026-09-06
ORD91499,C2652,SKU4450,S,Mustard,2026-07-29
ORD91500,C2008,SKU4422,S,Blue,2026-07-26
ORD91501,C1832,SKU4430,L,Red,2026-07-06
ORD91502,C2017,SKU4445,FREE,Green,2026-09-03
ORD91503,C2025,SKU4430,XL,Red,2026-08-29
ORD91504,C1427,SKU4445,FREE,Red,2026-07-24
ORD91505,C2594,SKU4455,S,Blue,2026-08-12
ORD91506,C1683,SKU4435,S,Maroon,2026-08-18
ORD91507,C2685,SKU4445,FREE,Green,2026-08-06
ORD91508,C2392,SKU4421,L,Pink,2026-09-18
ORD91509,C1598,SKU4445,FREE,Red,2026-09-08
ORD91510,C2201,SKU4430,XL,Black,2026-07-04
ORD91511,C1441,SKU4455,M,Blue,2026-07-21
ORD91512,C1563,SKU4435,S,Maroon,2026-08-27
ORD91513,C2424,SKU4430,S,Black,2026-07-05
ORD91514,C1834,SKU4445,FREE,Green,2026-09-07
ORD91515,C2593,SKU4421,M,Yellow,2026-07-03
ORD91516,C2619,SKU4422,XL,Green,2026-08-25
ORD91517,C1873,SKU4435,S,Maroon,2026-07-17
ORD91518,C2065,SKU4421,XS,Pink,2026-07-08
ORD91519,C2675,SKU4430,XL,Mustard,2026-07-12
ORD91520,C1148,SKU4421,S,Yellow,2026-08-28
ORD91521,C1520,SKU4445,FREE,Red,2026-07-28
ORD91522,C1375,SKU4430,XL,Mustard,2026-09-09
ORD91523,C2319,SKU4421,L,Blue,2026-09-10
ORD91524,C1237,SKU4440,L,White,2026-07-06
ORD91525,C2597,SKU4450,S,Peach,2026-08-27
ORD91526,C2508,SKU4430,XL,Mustard,2026-09-09
ORD91527,C2321,SKU4421,XS,Pink,2026-07-30
ORD91528,C1924,SKU4445,FREE,Red,2026-08-17
ORD91529,C2156,SKU4421,XS,Yellow,2026-08-17
ORD91530,C1372,SKU4421,M,Blue,2026-09-12
ORD91531,C2653,SKU4445,FREE,Pink,2026-09-13
ORD91532,C2654,SKU4445,FREE,Green,2026-09-12
ORD91533,C2238,SKU4450,L,Peach,2026-09-21
ORD91534,C1605,SKU4445,FREE,Red,2026-09-05
ORD91535,C1508,SKU4450,XL,Peach,2026-09-11
ORD91536,C1634,SKU4440,L,Black,2026-09-03
ORD91537,C1221,SKU4450,M,White,2026-07-25
ORD91538,C2589,SKU4450,M,Mustard,2026-07-19
ORD91539,C2274,SKU4430,XXL,Red,2026-08-22
ORD91540,C2311,SKU4455,XL,Blue,2026-08-20
ORD91541,C1356,SKU4445,FREE,Green,2026-08-26
ORD91542,C1451,SKU4430,M,Mustard,2026-09-16
ORD91543,C2065,SKU4440,L,Blue,2026-08-01
ORD91544,C1705,SKU4450,S,Mustard,2026-07-01
ORD91545,C2249,SKU4450,S,White,2026-09-11
ORD91546,C2562,SKU4421,S,Blue,2026-09-14
ORD91547,C1191,SKU4440,XL,Blue,2026-08-04
ORD91548,C2290,SKU4430,XL,Black,2026-08-22
ORD91549,C2591,SKU4440,S,White,2026-07-25
ORD91550,C2740,SKU4435,M,Pink,2026-08-09
ORD91551,C1979,SKU4440,S,Black,2026-07-22
ORD91552,C1800,SKU4421,XL,Blue,2026-09-15
ORD91553,C2031,SKU4430,S,Red,2026-08-19
ORD91554,C2686,SKU4421,S,Yellow,2026-08-12
ORD91555,C2080,SKU4450,S,White,2026-08-18
ORD91556,C2284,SKU4435,XL,Pink,2026-08-22
ORD91557,C2562,SKU4421,L,Pink,2026-08-21
ORD91558,C2137,SKU4440,M,White,2026-07-03
ORD91559,C2691,SKU4445,FREE,Green,2026-09-19
ORD91560,C2432,SKU4430,S,Red,2026-09-11
ORD91561,C2073,SKU4421,M,Pink,2026-08-20
ORD91562,C1929,SKU4422,M,White,2026-07-26
ORD91563,C1414,SKU4455,L,Black,2026-07-22
ORD91564,C1162,SKU4455,S,Black,2026-09-08
ORD91565,C1160,SKU4422,M,Blue,2026-07-14
ORD91566,C1487,SKU4421,XS,Pink,2026-08-24
ORD91567,C2015,SKU4455,L,Blue,2026-08-29
ORD91568,C1446,SKU4455,XL,Blue,2026-07-25
ORD91569,C2213,SKU4450,L,Mustard,2026-08-03
ORD91570,C1583,SKU4455,S,Black,2026-08-05
ORD91571,C2703,SKU4422,M,Blue,2026-08-02
ORD91572,C2517,SKU4435,S,Maroon,2026-08-29
ORD91573,C1028,SKU4440,M,Black,2026-07-10
ORD91574,C2694,SKU4440,XL,Blue,2026-09-07
ORD91575,C1351,SKU4440,L,Blue,2026-08-23
ORD91576,C1896,SKU4430,XL,Mustard,2026-09-16
ORD91577,C2795,SKU4430,M,Mustard,2026-08-01
ORD91578,C1693,SKU4435,L,Green,2026-07-04
ORD91579,C1483,SKU4435,S,Green,2026-09-02
ORD91580,C2565,SKU4435,M,Maroon,2026-08-16
ORD91581,C2104,SKU4440,L,Black,2026-08-12
ORD91582,C1307,SKU4455,L,Black,2026-09-11
ORD91583,C1284,SKU4435,M,Maroon,2026-09-12
ORD91584,C2141,SKU4430,XL,Mustard,2026-07-06
ORD91585,C2276,SKU4445,FREE,Red,2026-08-25
ORD91586,C1259,SKU4430,XXL,Red,2026-07-21
ORD91587,C2416,SKU4421,M,Pink,2026-09-16
ORD91588,C2467,SKU4440,XL,Blue,2026-09-15
ORD91589,C1610,SKU4435,L,Pink,2026-07-17
ORD91590,C2289,SKU4430,XXL,Mustard,2026-09-09
ORD91591,C1799,SKU4455,M,Black,2026-08-27
ORD91592,C1925,SKU4435,M,Maroon,2026-09-17
ORD91593,C2359,SKU4450,S,Peach,2026-09-19
ORD91594,C1307,SKU4435,XL,Green,2026-09-08
ORD91595,C2471,SKU4440,XL,Blue,2026-09-02
ORD91596,C2181,SKU4450,M,Mustard,2026-09-05
ORD91597,C1061,SKU4422,S,Blue,2026-08-04
ORD91598,C1679,SKU4450,XL,Mustard,2026-09-18
ORD91599,C1343,SKU4440,S,Blue,2026-07-16
ORD91600,C1514,SKU4435,L,Green,2026-08-04
ORD91601,C2774,SKU4440,L,White,2026-07-29
ORD91602,C1336,SKU4435,S,Green,2026-08-21
ORD91603,C2559,SKU4440,L,Black,2026-09-07
ORD91604,C1796,SKU4455,XL,Blue,2026-08-13
ORD91605,C2778,SKU4440,XL,Blue,2026-07-29
ORD91606,C1209,SKU4430,XXL,Mustard,2026-08-17
ORD91607,C1749,SKU4455,S,Black,2026-08-17
ORD91608,C1397,SKU4440,L,Black,2026-07-01
ORD91609,C2226,SKU4440,S,Black,2026-08-31
ORD91610,C2191,SKU4421,XL,Yellow,2026-08-12
ORD91611,C1807,SKU4450,S,Mustard,2026-07-27
ORD91612,C2490,SKU4430,M,Black,2026-08-30
ORD91613,C2743,SKU4435,M,Green,2026-08-27
ORD91614,C2427,SKU4421,XL,Blue,2026-07-20
ORD91615,C2589,SKU4450,L,White,2026-07-05
ORD91616,C2425,SKU4430,XXL,Mustard,2026-07-16
ORD91617,C2551,SKU4435,S,Pink,2026-07-17
ORD91618,C2078,SKU4422,M,White,2026-09-04
ORD91619,C1677,SKU4445,FREE,Red,2026-07-18
ORD91620,C1664,SKU4455,XL,Black,2026-07-08
ORD91621,C1905,SKU4440,XL,White,2026-09-07
ORD91622,C2044,SKU4450,M,Mustard,2026-08-13
ORD91623,C1695,SKU4445,FREE,Green,2026-09-19
ORD91624,C1589,SKU4430,L,Black,2026-09-17
ORD91625,C2663,SKU4421,XL,Pink,2026-07-11
ORD91626,C1080,SKU4455,S,Blue,2026-07-01
ORD91627,C1011,SKU4450,L,White,2026-07-27
ORD91628,C1871,SKU4435,M,Pink,2026-09-20
ORD91629,C1582,SKU4422,S,Green,2026-08-08
ORD91630,C2269,SKU4435,XL,Green,2026-09-14
ORD91631,C1866,SKU4435,XL,Pink,2026-07-29
ORD91632,C2317,SKU4440,XL,Blue,2026-08-07
ORD91633,C2512,SKU4445,FREE,Pink,2026-09-04
ORD91634,C2076,SKU4455,L,Blue,2026-07-09
ORD91635,C1389,SKU4450,S,Peach,2026-07-18
ORD91636,C1014,SKU4421,XL,Pink,2026-09-21
ORD91637,C1184,SKU4440,S,White,2026-07-02
ORD91638,C2469,SKU4430,XL,Red,2026-07-27
ORD91639,C1827,SKU4430,XXL,Red,2026-08-30
ORD91640,C1716,SKU4421,L,Pink,2026-07-24
ORD91641,C1544,SKU4430,L,Mustard,2026-09-19
ORD91642,C1291,SKU4430,XXL,Red,2026-08-11
ORD91643,C2134,SKU4435,XL,Green,2026-09-23
ORD91644,C2471,SKU4421,XS,Yellow,2026-07-24
ORD91645,C1936,SKU4421,L,Pink,2026-07-09
ORD91646,C2193,SKU4422,M,Blue,2026-09-22
ORD91647,C1353,SKU4455,S,Black,2026-07-24
ORD91648,C1206,SKU4455,M,Black,2026-07-22
ORD91649,C1483,SKU4450,S,Peach,2026-08-08
ORD91650,C1744,SKU4422,M,Green,2026-09-22
ORD91651,C1630,SKU4422,M,Green,2026-09-10
ORD91652,C1448,SKU4421,L,Yellow,2026-09-02
ORD91653,C2236,SKU4435,S,Maroon,2026-08-27
ORD91654,C2169,SKU4450,XL,White,2026-07-24
ORD91655,C2365,SKU4421,XS,Blue,2026-08-01
ORD91656,C1438,SKU4435,XL,Pink,2026-07-15
ORD91657,C2143,SKU4450,L,White,2026-09-13
ORD91658,C2663,SKU4435,M,Maroon,2026-07-04
ORD91659,C2493,SKU4455,M,Black,2026-08-20
ORD91660,C1091,SKU4450,M,White,2026-07-05
ORD91661,C2036,SKU4435,XL,Pink,2026-09-03
ORD91662,C2366,SKU4430,M,Mustard,2026-08-17
ORD91663,C1413,SKU4422,XL,White,2026-07-06
ORD91664,C2316,SKU4455,S,Blue,2026-07-20
ORD91665,C1189,SKU4445,FREE,Green,2026-07-04
ORD91666,C2686,SKU4435,M,Maroon,2026-09-17
ORD91667,C1236,SKU4430,M,Mustard,2026-07-20
ORD91668,C2541,SKU4421,L,Blue,2026-08-29
ORD91669,C1237,SKU4421,XL,Yellow,2026-07-12
ORD91670,C1247,SKU4430,M,Red,2026-07-06
ORD91671,C2355,SKU4421,S,Yellow,2026-08-13
ORD91672,C2275,SKU4435,XL,Maroon,2026-07-26
ORD91673,C1883,SKU4422,L,Blue,2026-07-25
ORD91674,C1932,SKU4422,S,Blue,2026-07-23
ORD91675,C1306,SKU4440,L,Blue,2026-07-14
ORD91676,C1046,SKU4430,S,Red,2026-08-06
ORD91677,C2180,SKU4440,M,White,2026-07-02
ORD91678,C1263,SKU4455,M,Black,2026-08-18
ORD91679,C2221,SKU4445,FREE,Red,2026-09-11
ORD91680,C1468,SKU4445,FREE,Red,2026-07-13
ORD91681,C1735,SKU4421,M,Pink,2026-08-24
ORD91682,C1434,SKU4435,XL,Green,2026-07-17
ORD91683,C1052,SKU4422,S,Blue,2026-07-20
ORD91684,C1741,SKU4435,S,Green,2026-07-16
ORD91685,C1340,SKU4435,XL,Green,2026-07-08
ORD91686,C2765,SKU4421,XS,Blue,2026-08-24
ORD91687,C2087,SKU4430,M,Red,2026-08-06
ORD91688,C2769,SKU4455,L,Black,2026-08-03
ORD91689,C1066,SKU4450,S,White,2026-08-06
ORD91690,C2016,SKU4421,XL,Blue,2026-08-21
ORD91691,C2611,SKU4445,FREE,Pink,2026-08-24
ORD91692,C1761,SKU4421,L,Yellow,2026-08-14
ORD91693,C2575,SKU4421,XS,Yellow,2026-07-08
ORD91694,C1054,SKU4450,S,White,2026-07-27
ORD91695,C1205,SKU4445,FREE,Green,2026-07-30
ORD91696,C1867,SKU4422,S,Green,2026-07-21
ORD91697,C1917,SKU4435,S,Pink,2026-08-16
ORD91698,C1504,SKU4435,XL,Green,2026-07-14
ORD91699,C2157,SKU4422,M,White,2026-07-03
ORD91700,C1915,SKU4430,XXL,Mustard,2026-08-15
ORD91701,C1418,SKU4430,L,Black,2026-07-04
ORD91702,C2243,SKU4421,S,Yellow,2026-07-26
ORD91703,C1806,SKU4450,XL,Mustard,2026-08-25
ORD91704,C2074,SKU4422,L,Blue,2026-07-09
ORD91705,C1117,SKU4421,L,Pink,2026-07-05
ORD91706,C1676,SKU4430,XL,Red,2026-08-09
ORD91707,C1915,SKU4421,XS,Pink,2026-07-07
ORD91708,C1040,SKU4440,S,White,2026-07-05
ORD91709,C1139,SKU4422,M,Blue,2026-09-09
ORD91710,C1645,SKU4440,L,Blue,2026-07-01
ORD91711,C1086,SKU4455,S,Black,2026-07-23
ORD91712,C2324,SKU4440,S,Blue,2026-08-08
ORD91713,C2009,SKU4450,XL,Peach,2026-09-06
ORD91714,C1899,SKU4440,M,White,2026-09-14
ORD91715,C2535,SKU4450,XL,Peach,2026-09-10
ORD91716,C1442,SKU4430,XL,Red,2026-07-20
ORD91717,C1545,SKU4455,XL,Black,2026-09-12
ORD91718,C1431,SKU4450,L,Mustard,2026-07-24
ORD91719,C1913,SKU4455,L,Blue,2026-09-17
ORD91720,C2736,SKU4421,M,Pink,2026-08-25
ORD91721,C1104,SKU4440,S,Black,2026-08-29
ORD91722,C1841,SKU4450,M,White,2026-07-12
ORD91723,C2401,SKU4455,S,Blue,2026-08-17
ORD91724,C1171,SKU4440,XL,Black,2026-07-15
ORD91725,C2119,SKU4455,L,Blue,2026-07-10
ORD91726,C1329,SKU4450,L,Peach,2026-07-18
ORD91727,C2510,SKU4430,L,Mustard,2026-09-04
ORD91728,C1896,SKU4440,XL,Blue,2026-08-17
ORD91729,C2106,SKU4435,S,Maroon,2026-08-03
ORD91730,C2023,SKU4421,XS,Pink,2026-09-04
ORD91731,C2146,SKU4440,M,Blue,2026-08-24
ORD91732,C2361,SKU4422,XL,Blue,2026-08-31
ORD91733,C1529,SKU4422,L,White,2026-07-16
ORD91734,C1726,SKU4421,XL,Blue,2026-07-15
ORD91735,C1581,SKU4435,M,Maroon,2026-09-01
ORD91736,C1725,SKU4450,M,Mustard,2026-08-18
ORD91737,C2119,SKU4455,L,Black,2026-08-19
ORD91738,C1927,SKU4422,XL,White,2026-08-04
ORD91739,C2148,SKU4422,XL,White,2026-07-20
ORD91740,C2556,SKU4430,M,Black,2026-09-13
ORD91741,C1256,SKU4440,L,Blue,2026-09-08
ORD91742,C1809,SKU4421,L,Pink,2026-08-03
ORD91743,C1045,SKU4455,XL,Blue,2026-08-24
ORD91744,C2699,SKU4421,M,Pink,2026-07-28
ORD91745,C1382,SKU4435,XL,Maroon,2026-08-13
ORD91746,C2046,SKU4421,M,Blue,2026-09-10
ORD91747,C2787,SKU4421,M,Yellow,2026-07-05
ORD91748,C2217,SKU4421,XL,Pink,2026-08-03
ORD91749,C2493,SKU4445,FREE,Green,2026-09-08
ORD91750,C2274,SKU4450,S,White,2026-08-11
ORD91751,C1864,SKU4430,XL,Black,2026-09-08
ORD91752,C1810,SKU4435,M,Pink,2026-09-13
ORD91753,C2161,SKU4435,L,Pink,2026-08-18
ORD91754,C2204,SKU4450,S,Mustard,2026-08-13
ORD91755,C2427,SKU4450,XL,Mustard,2026-08-01
ORD91756,C1144,SKU4450,S,Mustard,2026-07-15
ORD91757,C2101,SKU4430,S,Red,2026-09-15
ORD91758,C1643,SKU4435,XL,Maroon,2026-08-23
ORD91759,C2186,SKU4455,M,Blue,2026-09-04
ORD91760,C1015,SKU4430,S,Black,2026-09-01
ORD91761,C2018,SKU4455,L,Black,2026-08-25
ORD91762,C1029,SKU4430,XL,Black,2026-07-21
ORD91763,C2003,SKU4455,L,Black,2026-08-16
ORD91764,C2602,SKU4430,S,Mustard,2026-08-27
ORD91765,C2649,SKU4445,FREE,Red,2026-09-03
ORD91766,C2636,SKU4430,M,Black,2026-08-03
ORD91767,C2577,SKU4430,M,Mustard,2026-07-24
ORD91768,C2295,SKU4445,FREE,Red,2026-08-20
ORD91769,C2422,SKU4440,M,Black,2026-07-02
ORD91770,C1311,SKU4430,M,Red,2026-07-23
ORD91771,C2421,SKU4455,XL,Black,2026-08-31
ORD91772,C1137,SKU4430,M,Black,2026-09-17
ORD91773,C1189,SKU4421,S,Blue,2026-07-13
ORD91774,C1012,SKU4455,L,Black,2026-07-08
ORD91775,C2205,SKU4455,S,Blue,2026-08-30
ORD91776,C1401,SKU4430,XL,Mustard,2026-07-17
ORD91777,C2642,SKU4422,L,Green,2026-07-02
ORD91778,C2307,SKU4421,L,Blue,2026-07-22
ORD91779,C1417,SKU4421,XS,Pink,2026-07-07
ORD91780,C1880,SKU4422,XL,Green,2026-07-30
ORD91781,C1944,SKU4440,XL,Blue,2026-07-07
ORD91782,C2052,SKU4455,M,Black,2026-08-03
ORD91783,C2031,SKU4421,XL,Yellow,2026-07-30
ORD91784,C2384,SKU4422,L,White,2026-07-05
ORD91785,C1956,SKU4422,L,Green,2026-09-22
ORD91786,C1286,SKU4422,M,White,2026-07-15
ORD91787,C2259,SKU4422,XL,Green,2026-09-07
ORD91788,C2502,SKU4445,FREE,Green,2026-09-18
ORD91789,C1497,SKU4421,L,Blue,2026-07-27
ORD91790,C1062,SKU4440,M,White,2026-07-22
ORD91791,C2678,SKU4450,XL,Peach,2026-07-22
ORD91792,C1673,SKU4430,M,Red,2026-08-02
ORD91793,C1665,SKU4422,XL,Blue,2026-07-30
ORD91794,C1469,SKU4435,M,Green,2026-09-18
ORD91795,C2756,SKU4422,L,White,2026-07-05
ORD91796,C2464,SKU4445,FREE,Green,2026-07-09
ORD91797,C1137,SKU4430,XXL,Black,2026-09-04
ORD91798,C1520,SKU4430,M,Black,2026-08-02
ORD91799,C1109,SKU4455,L,Black,2026-08-24
ORD91800,C1973,SKU4422,L,Blue,2026-07-09
ORD91801,C2405,SKU4422,S,White,2026-09-21
ORD91802,C2220,SKU4455,L,Blue,2026-09-21
ORD91803,C2646,SKU4435,L,Pink,2026-08-19
ORD91804,C1124,SKU4440,M,Blue,2026-09-15
ORD91805,C1214,SKU4455,XL,Blue,2026-08-31
ORD91806,C1476,SKU4430,M,Black,2026-08-18
ORD91807,C2067,SKU4455,M,Black,2026-07-21
ORD91808,C2323,SKU4440,S,Black,2026-07-15
ORD91809,C1430,SKU4435,XL,Maroon,2026-09-11
ORD91810,C2140,SKU4435,S,Pink,2026-09-12
ORD91811,C1030,SKU4422,S,White,2026-07-15
ORD91812,C2416,SKU4422,S,White,2026-07-09
ORD91813,C1061,SKU4435,XL,Maroon,2026-07-06
ORD91814,C1249,SKU4440,XL,Blue,2026-08-19
ORD91815,C2313,SKU4430,L,Mustard,2026-08-01
ORD91816,C1862,SKU4440,S,White,2026-08-05
ORD91817,C1633,SKU4445,FREE,Red,2026-08-10
ORD91818,C1007,SKU4455,L,Blue,2026-07-05
ORD91819,C1373,SKU4445,FREE,Pink,2026-08-21
ORD91820,C2368,SKU4455,S,Black,2026-08-25
ORD91821,C1804,SKU4422,S,White,2026-09-21
ORD91822,C2441,SKU4430,S,Mustard,2026-07-12
ORD91823,C2654,SKU4455,M,Black,2026-07-01
ORD91824,C1550,SKU4430,XL,Mustard,2026-09-14
ORD91825,C2556,SKU4435,S,Green,2026-09-10
ORD91826,C2142,SKU4421,S,Yellow,2026-08-25
ORD91827,C2396,SKU4450,S,Mustard,2026-09-06
ORD91828,C1759,SKU4435,S,Green,2026-07-04
ORD91829,C2166,SKU4430,L,Black,2026-07-10
ORD91830,C1045,SKU4430,XXL,Red,2026-07-17
ORD91831,C2069,SKU4421,M,Blue,2026-09-19
ORD91832,C1619,SKU4450,M,Mustard,2026-07-02
ORD91833,C1285,SKU4435,S,Pink,2026-08-17
ORD91834,C1643,SKU4450,L,Mustard,2026-09-04
ORD91835,C2446,SKU4421,L,Blue,2026-08-07
ORD91836,C2459,SKU4435,L,Maroon,2026-09-16
ORD91837,C1333,SKU4455,XL,Black,2026-07-23
ORD91838,C1109,SKU4455,L,Blue,2026-08-27
ORD91839,C1545,SKU4450,L,Peach,2026-08-16
ORD91840,C1763,SKU4421,XL,Blue,2026-08-07
ORD91841,C1258,SKU4450,L,Mustard,2026-09-03
ORD91842,C1839,SKU4421,L,Pink,2026-08-13
ORD91843,C1182,SKU4440,L,Black,2026-07-08
ORD91844,C2468,SKU4440,M,Black,2026-08-03
ORD91845,C2110,SKU4421,L,Pink,2026-08-19
ORD91846,C1134,SKU4450,L,White,2026-08-31
ORD91847,C1176,SKU4440,XL,Black,2026-09-23
ORD91848,C1465,SKU4430,S,Mustard,2026-08-16
ORD91849,C1278,SKU4450,XL,White,2026-09-11
ORD91850,C1642,SKU4421,XS,Blue,2026-09-14
ORD91851,C1177,SKU4421,L,Blue,2026-09-22
ORD91852,C2431,SKU4440,L,Blue,2026-08-11
ORD91853,C1959,SKU4450,M,Peach,2026-09-05
ORD91854,C1269,SKU4435,M,Green,2026-08-14
ORD91855,C2712,SKU4422,XL,White,2026-08-22
ORD91856,C2648,SKU4455,M,Black,2026-07-26
ORD91857,C1072,SKU4435,M,Pink,2026-07-10
ORD91858,C2250,SKU4421,M,Yellow,2026-09-23
ORD91859,C1436,SKU4440,S,White,2026-08-07
ORD91860,C2073,SKU4450,L,Mustard,2026-08-02
ORD91861,C2085,SKU4450,L,White,2026-08-23
ORD91862,C1621,SKU4455,L,Blue,2026-09-09
ORD91863,C2740,SKU4430,M,Black,2026-09-19
ORD91864,C1108,SKU4455,S,Black,2026-08-12
ORD91865,C1805,SKU4430,L,Mustard,2026-07-07
ORD91866,C1813,SKU4440,L,Black,2026-08-16
ORD91867,C2107,SKU4440,S,Blue,2026-07-05
ORD91868,C2010,SKU4455,L,Blue,2026-07-06
ORD91869,C1208,SKU4430,S,Mustard,2026-09-15
ORD91870,C2595,SKU4421,XS,Pink,2026-08-29
ORD91871,C1291,SKU4430,XXL,Mustard,2026-07-03
ORD91872,C1110,SKU4430,XL,Mustard,2026-08-19
ORD91873,C1759,SKU4422,S,Green,2026-09-18
ORD91874,C2397,SKU4430,L,Mustard,2026-07-11
ORD91875,C1373,SKU4421,XS,Yellow,2026-07-18
ORD91876,C1021,SKU4430,XXL,Black,2026-07-08
ORD91877,C1227,SKU4430,S,Red,2026-08-10
ORD91878,C2405,SKU4450,M,Mustard,2026-09-22
ORD91879,C1578,SKU4422,L,White,2026-08-26
ORD91880,C1472,SKU4445,FREE,Green,2026-07-04
ORD91881,C1589,SKU4450,S,White,2026-08-20
ORD91882,C1416,SKU4440,L,Blue,2026-07-02
ORD91883,C1258,SKU4440,S,White,2026-08-14
ORD91884,C2252,SKU4450,XL,White,2026-09-03
ORD91885,C1614,SKU4445,FREE,Red,2026-09-08
ORD91886,C2262,SKU4455,M,Black,2026-09-17
ORD91887,C1765,SKU4455,L,Black,2026-08-01
ORD91888,C1144,SKU4430,S,Black,2026-08-19
ORD91889,C1977,SKU4421,XL,Blue,2026-08-26
ORD91890,C1546,SKU4445,FREE,Pink,2026-09-03
ORD91891,C2167,SKU4421,S,Yellow,2026-07-25
ORD91892,C1005,SKU4430,L,Red,2026-07-03
ORD91893,C1016,SKU4430,M,Black,2026-08-11
ORD91894,C1435,SKU4440,S,Black,2026-09-02
ORD91895,C1585,SKU4430,M,Black,2026-07-24
ORD91896,C2285,SKU4435,M,Pink,2026-07-08
ORD91897,C2317,SKU4421,XS,Yellow,2026-07-06
ORD91898,C1011,SKU4430,S,Black,2026-08-01
ORD91899,C1028,SKU4455,XL,Black,2026-08-01
ORD91900,C1909,SKU4455,S,Black,2026-08-20
ORD91901,C1934,SKU4421,XS,Blue,2026-08-12
ORD91902,C2762,SKU4450,XL,Mustard,2026-09-11
ORD91903,C1937,SKU4430,M,Red,2026-07-19
ORD91904,C1948,SKU4435,S,Green,2026-08-29
ORD91905,C1234,SKU4440,M,Black,2026-08-26
ORD91906,C1012,SKU4430,M,Red,2026-09-09
ORD91907,C2628,SKU4430,M,Red,2026-09-21
ORD91908,C2609,SKU4440,S,White,2026-09-06
ORD91909,C2405,SKU4440,XL,Blue,2026-07-01
ORD91910,C1894,SKU4421,XS,Pink,2026-09-03
ORD91911,C2495,SKU4430,XXL,Mustard,2026-07-11
ORD91912,C1342,SKU4430,XL,Mustard,2026-08-30
ORD91913,C2451,SKU4421,XL,Yellow,2026-07-06
ORD91914,C1565,SKU4455,XL,Blue,2026-09-04
ORD91915,C2052,SKU4450,S,Peach,2026-07-13
ORD91916,C1110,SKU4445,FREE,Red,2026-07-01
ORD91917,C2280,SKU4422,L,Blue,2026-07-17
ORD91918,C1516,SKU4455,M,Blue,2026-07-08
ORD91919,C2378,SKU4440,M,Blue,2026-07-02
ORD91920,C2298,SKU4440,S,Black,2026-07-05
ORD91921,C1267,SKU4421,S,Pink,2026-07-17
ORD91922,C1499,SKU4435,M,Pink,2026-07-14
ORD91923,C1855,SKU4422,M,Blue,2026-07-12
ORD91924,C1005,SKU4421,M,Blue,2026-07-26
ORD91925,C1472,SKU4450,L,Peach,2026-09-15
ORD91926,C2197,SKU4430,XL,Black,2026-08-20
ORD91927,C2334,SKU4435,M,Maroon,2026-07-03
ORD91928,C1446,SKU4421,S,Yellow,2026-09-06
ORD91929,C2681,SKU4450,L,White,2026-09-08
ORD91930,C2162,SKU4440,XL,Black,2026-07-20
ORD91931,C2542,SKU4455,XL,Black,2026-08-28
ORD91932,C1313,SKU4421,S,Yellow,2026-08-20
ORD91933,C2238,SKU4430,M,Mustard,2026-08-09
ORD91934,C1619,SKU4445,FREE,Pink,2026-07-02
ORD91935,C2733,SKU4430,XL,Red,2026-07-17
ORD91936,C1300,SKU4421,XS,Pink,2026-08-07
ORD91937,C2340,SKU4450,M,Peach,2026-08-13
ORD91938,C2741,SKU4430,M,Red,2026-09-04
ORD91939,C2216,SKU4450,S,Peach,2026-09-02
ORD91940,C1491,SKU4440,XL,Black,2026-09-20
ORD91941,C1451,SKU4455,S,Black,2026-08-03
ORD91942,C1943,SKU4430,M,Red,2026-08-06
ORD91943,C1746,SKU4422,L,Blue,2026-07-08
ORD91944,C2656,SKU4422,L,White,2026-07-05
ORD91945,C2022,SKU4421,M,Yellow,2026-09-06
ORD91946,C2594,SKU4430,L,Black,2026-08-29
ORD91947,C2630,SKU4455,L,Black,2026-08-12
ORD91948,C1687,SKU4440,L,Blue,2026-09-20
ORD91949,C2155,SKU4430,M,Black,2026-08-17
ORD91950,C2591,SKU4450,XL,Mustard,2026-09-15
ORD91951,C1574,SKU4455,S,Black,2026-07-27
ORD91952,C2096,SKU4422,L,Green,2026-07-03
ORD91953,C2040,SKU4421,M,Yellow,2026-08-09
ORD91954,C2781,SKU4422,M,White,2026-08-28
ORD91955,C1243,SKU4421,M,Yellow,2026-09-14
ORD91956,C1616,SKU4450,M,Mustard,2026-07-15
ORD91957,C1927,SKU4450,M,Peach,2026-07-08
ORD91958,C2394,SKU4422,XL,White,2026-07-14
ORD91959,C2683,SKU4421,XS,Blue,2026-09-06
ORD91960,C2494,SKU4422,S,White,2026-08-17
ORD91961,C1320,SKU4421,XL,Blue,2026-08-10
ORD91962,C1886,SKU4450,L,Peach,2026-07-23
ORD91963,C2728,SKU4435,XL,Green,2026-08-04
ORD91964,C2018,SKU4450,XL,White,2026-07-15
ORD91965,C2792,SKU4455,S,Black,2026-08-13
ORD91966,C1270,SKU4422,XL,Green,2026-08-27
ORD91967,C1399,SKU4430,L,Black,2026-07-25
ORD91968,C2563,SKU4421,XS,Yellow,2026-07-06
ORD91969,C1128,SKU4430,M,Black,2026-09-07
ORD91970,C1381,SKU4422,M,White,2026-08-09
ORD91971,C1054,SKU4440,M,Black,2026-08-24
ORD91972,C2083,SKU4422,S,White,2026-08-20
ORD91973,C1406,SKU4440,XL,Black,2026-07-05
ORD91974,C2061,SKU4430,L,Black,2026-07-20
ORD91975,C1381,SKU4422,S,Blue,2026-09-21
ORD91976,C1261,SKU4440,XL,Black,2026-08-14
ORD91977,C1303,SKU4455,L,Blue,2026-07-31
ORD91978,C1389,SKU4440,XL,Black,2026-09-17
ORD91979,C1744,SKU4440,M,Black,2026-08-06
ORD91980,C1264,SKU4440,M,White,2026-07-29
ORD91981,C1961,SKU4430,XXL,Black,2026-07-05
ORD91982,C1383,SKU4455,XL,Blue,2026-09-04
ORD91983,C2699,SKU4435,S,Pink,2026-07-21
ORD91984,C1255,SKU4430,S,Red,2026-09-01
ORD91985,C2388,SKU4421,XL,Pink,2026-09-10
ORD91986,C1890,SKU4455,S,Black,2026-09-19
ORD91987,C1410,SKU4445,FREE,Pink,2026-08-31
ORD91988,C1443,SKU4445,FREE,Red,2026-07-27
ORD91989,C1034,SKU4455,M,Blue,2026-09-04
ORD91990,C1708,SKU4445,FREE,Pink,2026-07-20
ORD91991,C2761,SKU4440,M,Blue,2026-09-19
ORD91992,C1772,SKU4445,FREE,Pink,2026-07-08
ORD91993,C2343,SKU4450,L,White,2026-08-17
ORD91994,C2400,SKU4421,XS,Blue,2026-08-20
ORD91995,C2370,SKU4422,M,White,2026-09-01
ORD91996,C2150,SKU4450,L,White,2026-09-22
ORD91997,C1357,SKU4421,XS,Pink,2026-08-19
ORD91998,C1469,SKU4421,M,Yellow,2026-08-21
ORD91999,C1642,SKU4445,FREE,Pink,2026-07-09
ORD92000,C1514,SKU4450,S,Mustard,2026-08-10
ORD92001,C1876,SKU4450,S,Mustard,2026-07-12
ORD92002,C1675,SKU4422,S,Blue,2026-08-13
ORD92003,C2213,SKU4421,XS,Yellow,2026-08-18
ORD92004,C1732,SKU4440,XL,Blue,2026-09-02
ORD92005,C1519,SKU4421,XS,Pink,2026-07-03
ORD92006,C2775,SKU4455,S,Blue,2026-09-18
ORD92007,C1150,SKU4421,XS,Pink,2026-08-09
ORD92008,C1947,SKU4440,XL,Blue,2026-08-21
ORD92009,C2071,SKU4440,XL,Black,2026-09-11
ORD92010,C1473,SKU4421,L,Blue,2026-08-31
ORD92011,C1860,SKU4440,XL,Blue,2026-09-08
ORD92012,C2430,SKU4450,M,Peach,2026-09-12
ORD92013,C1673,SKU4422,S,Blue,2026-08-18
ORD92014,C2304,SKU4421,XL,Yellow,2026-09-13
ORD92015,C1247,SKU4422,M,White,2026-07-21
ORD92016,C2653,SKU4430,S,Black,2026-09-01
ORD92017,C1014,SKU4455,XL,Black,2026-08-31
ORD92018,C1810,SKU4421,L,Yellow,2026-08-29
ORD92019,C1873,SKU4430,M,Black,2026-08-14
ORD92020,C1832,SKU4421,M,Pink,2026-07-03
ORD92021,C1225,SKU4422,XL,Green,2026-07-11
ORD92022,C2425,SKU4440,L,Black,2026-09-11
ORD92023,C2215,SKU4430,S,Mustard,2026-08-17
ORD92024,C1330,SKU4421,M,Blue,2026-07-15
ORD92025,C1480,SKU4435,M,Green,2026-08-08
ORD92026,C2740,SKU4450,L,Peach,2026-09-18
ORD92027,C1714,SKU4440,L,Blue,2026-08-20
ORD92028,C1676,SKU4430,XL,Red,2026-08-08
ORD92029,C1629,SKU4450,L,Peach,2026-07-29
ORD92030,C1810,SKU4450,L,Peach,2026-07-16
ORD92031,C2707,SKU4440,M,Blue,2026-08-01
ORD92032,C1583,SKU4450,L,Peach,2026-08-27
ORD92033,C2076,SKU4450,XL,Mustard,2026-07-03
ORD92034,C1097,SKU4450,M,White,2026-07-29
ORD92035,C2481,SKU4435,M,Pink,2026-08-31
ORD92036,C1322,SKU4455,L,Blue,2026-08-01
ORD92037,C1125,SKU4421,XL,Blue,2026-07-17
ORD92038,C1669,SKU4421,L,Pink,2026-08-31
ORD92039,C1020,SKU4450,M,White,2026-08-01
ORD92040,C1218,SKU4450,M,Peach,2026-08-15
ORD92041,C2770,SKU4421,L,Blue,2026-08-20
ORD92042,C1140,SKU4421,XL,Yellow,2026-07-28
ORD92043,C2424,SKU4430,L,Red,2026-08-03
ORD92044,C2110,SKU4430,S,Red,2026-07-29
ORD92045,C1390,SKU4421,S,Blue,2026-07-24
ORD92046,C1399,SKU4422,M,White,2026-08-01
ORD92047,C2343,SKU4430,L,Black,2026-07-27
ORD92048,C1851,SKU4430,XL,Mustard,2026-09-13
ORD92049,C1066,SKU4440,XL,Blue,2026-07-04
ORD92050,C2762,SKU4455,L,Blue,2026-09-11
ORD92051,C1183,SKU4445,FREE,Red,2026-09-22
ORD92052,C1953,SKU4455,XL,Black,2026-07-09
ORD92053,C1119,SKU4455,L,Blue,2026-08-10
ORD92054,C1331,SKU4435,L,Maroon,2026-07-21
ORD92055,C1692,SKU4440,L,White,2026-08-20
ORD92056,C1273,SKU4445,FREE,Red,2026-07-26
ORD92057,C1033,SKU4422,M,White,2026-07-18
ORD92058,C2797,SKU4430,S,Red,2026-07-27
ORD92059,C1290,SKU4430,S,Black,2026-08-24
ORD92060,C2532,SKU4440,L,White,2026-08-01
ORD92061,C1059,SKU4445,FREE,Red,2026-07-31
ORD92062,C2106,SKU4445,FREE,Red,2026-07-17
ORD92063,C1186,SKU4421,XL,Yellow,2026-07-03
ORD92064,C1599,SKU4422,M,Blue,2026-07-17
ORD92065,C2302,SKU4445,FREE,Pink,2026-09-21
ORD92066,C2274,SKU4430,L,Black,2026-07-14
ORD92067,C1791,SKU4440,M,White,2026-07-07
ORD92068,C2288,SKU4435,XL,Maroon,2026-08-30
ORD92069,C2459,SKU4430,XL,Mustard,2026-08-06
ORD92070,C1510,SKU4435,M,Maroon,2026-09-01
ORD92071,C1266,SKU4430,S,Red,2026-07-13
ORD92072,C2751,SKU4455,S,Blue,2026-08-28
ORD92073,C1651,SKU4440,L,Black,2026-09-15
ORD92074,C1353,SKU4450,S,Mustard,2026-07-14
ORD92075,C1231,SKU4430,L,Red,2026-07-19
ORD92076,C2210,SKU4430,L,Mustard,2026-08-03
ORD92077,C2417,SKU4430,M,Red,2026-07-01
ORD92078,C1906,SKU4422,L,Green,2026-08-08
ORD92079,C2022,SKU4450,L,Peach,2026-09-05
ORD92080,C1951,SKU4440,L,Black,2026-08-04
ORD92081,C2017,SKU4440,L,Black,2026-08-27
ORD92082,C2299,SKU4445,FREE,Pink,2026-08-24
ORD92083,C1548,SKU4422,L,Green,2026-07-30
ORD92084,C1327,SKU4455,XL,Black,2026-07-22
ORD92085,C1817,SKU4440,S,White,2026-07-11
ORD92086,C2339,SKU4421,XL,Pink,2026-07-04
ORD92087,C1585,SKU4445,FREE,Red,2026-09-14
ORD92088,C1310,SKU4430,XL,Red,2026-07-06
ORD92089,C1892,SKU4430,XXL,Black,2026-07-30
ORD92090,C1352,SKU4440,M,Blue,2026-08-22
ORD92091,C1772,SKU4445,FREE,Red,2026-08-25
ORD92092,C2175,SKU4440,S,Black,2026-08-04
ORD92093,C1171,SKU4450,M,White,2026-09-21
ORD92094,C2534,SKU4422,M,White,2026-08-17
ORD92095,C2102,SKU4440,S,Blue,2026-08-17
ORD92096,C1822,SKU4430,XL,Mustard,2026-09-02
ORD92097,C1669,SKU4421,XL,Pink,2026-09-06
ORD92098,C2536,SKU4435,XL,Green,2026-08-09
ORD92099,C2306,SKU4450,L,Peach,2026-08-19
ORD92100,C2220,SKU4455,XL,Black,2026-07-16
ORD92101,C1228,SKU4421,M,Yellow,2026-07-24
ORD92102,C1153,SKU4445,FREE,Red,2026-07-23
ORD92103,C1334,SKU4421,XS,Pink,2026-08-06
ORD92104,C2046,SKU4435,S,Green,2026-09-01
ORD92105,C2766,SKU4440,S,Black,2026-08-30
ORD92106,C2216,SKU4422,XL,Blue,2026-09-17
ORD92107,C2052,SKU4422,S,Blue,2026-07-21
ORD92108,C1449,SKU4421,XL,Pink,2026-07-08
ORD92109,C2446,SKU4430,S,Mustard,2026-07-22
ORD92110,C1553,SKU4421,XS,Blue,2026-07-23
ORD92111,C1727,SKU4435,M,Pink,2026-07-01
ORD92112,C2351,SKU4422,XL,Blue,2026-07-22
ORD92113,C1815,SKU4445,FREE,Red,2026-08-27
ORD92114,C2756,SKU4430,XL,Black,2026-08-01
ORD92115,C1789,SKU4450,M,Peach,2026-09-17
ORD92116,C1834,SKU4450,M,White,2026-08-31
ORD92117,C2292,SKU4421,M,Yellow,2026-07-15
ORD92118,C1931,SKU4455,XL,Blue,2026-08-20
ORD92119,C1152,SKU4430,L,Red,2026-07-01
ORD92120,C2468,SKU4440,M,Black,2026-07-29
ORD92121,C1715,SKU4421,XL,Yellow,2026-07-29
ORD92122,C1666,SKU4435,S,Pink,2026-08-31
ORD92123,C2009,SKU4445,FREE,Pink,2026-08-31
ORD92124,C2690,SKU4440,XL,Blue,2026-08-17
ORD92125,C2753,SKU4421,XL,Yellow,2026-07-13
ORD92126,C1956,SKU4422,S,Blue,2026-07-17
ORD92127,C2422,SKU4455,S,Black,2026-09-03
ORD92128,C2418,SKU4455,XL,Blue,2026-09-08
ORD92129,C2466,SKU4440,M,Blue,2026-07-03
ORD92130,C2425,SKU4422,XL,Green,2026-08-17
ORD92131,C2781,SKU4430,XL,Red,2026-09-17
ORD92132,C1418,SKU4450,M,Mustard,2026-08-27
ORD92133,C1279,SKU4430,S,Black,2026-08-08
ORD92134,C1973,SKU4440,XL,White,2026-09-19
ORD92135,C1128,SKU4440,XL,Blue,2026-08-08
ORD92136,C2151,SKU4440,XL,White,2026-07-03
ORD92137,C2643,SKU4430,S,Mustard,2026-07-25
ORD92138,C1946,SKU4435,L,Maroon,2026-08-22
ORD92139,C2501,SKU4450,L,White,2026-08-21
ORD92140,C2590,SKU4450,S,Mustard,2026-08-07
ORD92141,C2622,SKU4421,M,Blue,2026-07-02
ORD92142,C1350,SKU4440,XL,Black,2026-08-11
ORD92143,C1285,SKU4450,S,White,2026-08-21
ORD92144,C2232,SKU4421,L,Blue,2026-09-09
ORD92145,C2094,SKU4421,XL,Pink,2026-08-04
ORD92146,C2139,SKU4430,S,Red,2026-07-01
ORD92147,C1675,SKU4440,M,Blue,2026-07-06
ORD92148,C2509,SKU4440,M,Blue,2026-09-15
ORD92149,C1851,SKU4450,S,Peach,2026-08-14
ORD92150,C1026,SKU4422,M,Green,2026-08-17
ORD92151,C1793,SKU4440,M,Black,2026-08-15
ORD92152,C2361,SKU4435,M,Green,2026-09-08
ORD92153,C1106,SKU4455,XL,Black,2026-09-11
ORD92154,C2087,SKU4435,S,Pink,2026-07-16
ORD92155,C2292,SKU4430,S,Red,2026-07-15
ORD92156,C1555,SKU4430,S,Red,2026-07-30
ORD92157,C2219,SKU4430,L,Red,2026-09-15
ORD92158,C1864,SKU4430,L,Mustard,2026-08-13
ORD92159,C1079,SKU4455,L,Blue,2026-08-08
ORD92160,C1704,SKU4450,M,White,2026-08-11
ORD92161,C1871,SKU4430,XL,Red,2026-08-10
ORD92162,C1016,SKU4422,M,White,2026-09-16
ORD92163,C1529,SKU4422,L,Green,2026-07-04
ORD92164,C1590,SKU4435,XL,Green,2026-09-08
ORD92165,C1895,SKU4430,XXL,Red,2026-09-15
ORD92166,C1640,SKU4421,S,Yellow,2026-07-29
ORD92167,C2348,SKU4421,S,Blue,2026-07-17
ORD92168,C1485,SKU4421,XS,Yellow,2026-08-30
ORD92169,C1871,SKU4440,XL,White,2026-07-21
ORD92170,C2138,SKU4435,M,Pink,2026-08-14
ORD92171,C2196,SKU4440,L,Black,2026-07-24
ORD92172,C1207,SKU4422,L,White,2026-08-10
ORD92173,C2259,SKU4455,L,Black,2026-08-17
ORD92174,C2566,SKU4430,L,Black,2026-07-30
ORD92175,C2789,SKU4422,M,Green,2026-08-26
ORD92176,C1243,SKU4445,FREE,Red,2026-08-29
ORD92177,C1532,SKU4430,XXL,Black,2026-07-26
ORD92178,C1473,SKU4455,M,Blue,2026-08-12
ORD92179,C2085,SKU4435,M,Maroon,2026-07-16
ORD92180,C1722,SKU4435,M,Pink,2026-07-09
ORD92181,C1584,SKU4435,XL,Maroon,2026-07-02
ORD92182,C1641,SKU4430,L,Mustard,2026-07-09
ORD92183,C2703,SKU4430,L,Black,2026-08-11
ORD92184,C1102,SKU4455,M,Black,2026-09-04
ORD92185,C2404,SKU4440,S,White,2026-08-24
ORD92186,C2505,SKU4430,XL,Black,2026-07-12
ORD92187,C2205,SKU4445,FREE,Green,2026-08-20
ORD92188,C1279,SKU4455,M,Blue,2026-08-20
ORD92189,C1536,SKU4440,XL,Blue,2026-08-25
ORD92190,C2199,SKU4430,XXL,Mustard,2026-09-12
ORD92191,C2219,SKU4440,S,Black,2026-09-07
ORD92192,C2705,SKU4435,S,Pink,2026-07-30
ORD92193,C2106,SKU4445,FREE,Red,2026-07-11
ORD92194,C2332,SKU4440,L,White,2026-07-22
ORD92195,C2483,SKU4422,L,Blue,2026-09-17
ORD92196,C2687,SKU4430,M,Mustard,2026-08-17
ORD92197,C2061,SKU4435,L,Pink,2026-07-17
ORD92198,C1146,SKU4450,S,White,2026-07-19
ORD92199,C2083,SKU4440,S,Black,2026-08-08
ORD92200,C1029,SKU4440,XL,Black,2026-08-29
ORD92201,C2660,SKU4445,FREE,Pink,2026-08-12
ORD92202,C2557,SKU4422,M,Green,2026-09-02
ORD92203,C1169,SKU4435,XL,Pink,2026-07-14
ORD92204,C1563,SKU4440,XL,Blue,2026-07-11
ORD92205,C2344,SKU4430,S,Red,2026-09-18
ORD92206,C1958,SKU4455,M,Blue,2026-08-26
ORD92207,C1866,SKU4430,M,Mustard,2026-08-24
ORD92208,C2697,SKU4422,L,White,2026-09-19
ORD92209,C2533,SKU4445,FREE,Green,2026-08-29
ORD92210,C2746,SKU4421,S,Yellow,2026-07-17
ORD92211,C1715,SKU4435,M,Pink,2026-08-10
ORD92212,C1434,SKU4430,S,Red,2026-08-08
ORD92213,C2016,SKU4422,S,Green,2026-09-06
ORD92214,C1444,SKU4445,FREE,Pink,2026-07-11
ORD92215,C1428,SKU4435,XL,Pink,2026-08-01
ORD92216,C2283,SKU4450,S,Peach,2026-07-01
ORD92217,C2296,SKU4430,XL,Red,2026-08-16
ORD92218,C1684,SKU4430,M,Red,2026-09-22
ORD92219,C2163,SKU4450,M,Peach,2026-09-01
ORD92220,C1594,SKU4430,S,Red,2026-08-18
ORD92221,C1491,SKU4455,S,Blue,2026-09-04
ORD92222,C2217,SKU4422,S,White,2026-09-08
ORD92223,C1702,SKU4445,FREE,Pink,2026-07-01
ORD92224,C2653,SKU4430,XXL,Red,2026-08-18
ORD92225,C1214,SKU4421,L,Pink,2026-07-05
ORD92226,C1685,SKU4440,L,Blue,2026-07-27
ORD92227,C1087,SKU4450,L,Mustard,2026-08-03
ORD92228,C2119,SKU4455,S,Blue,2026-09-10
ORD92229,C1928,SKU4422,L,Blue,2026-08-04
ORD92230,C2626,SKU4445,FREE,Green,2026-08-10
ORD92231,C1856,SKU4421,L,Yellow,2026-07-06
ORD92232,C1354,SKU4422,S,Blue,2026-07-23
ORD92233,C1930,SKU4445,FREE,Green,2026-09-04
ORD92234,C2702,SKU4450,L,White,2026-07-31
ORD92235,C1252,SKU4430,XL,Red,2026-09-01
ORD92236,C2650,SKU4450,S,Peach,2026-08-24
ORD92237,C2718,SKU4435,S,Maroon,2026-08-19
ORD92238,C1426,SKU4422,S,White,2026-08-09
ORD92239,C1420,SKU4445,FREE,Green,2026-09-02
ORD92240,C2499,SKU4430,L,Mustard,2026-07-29
ORD92241,C2698,SKU4430,XL,Black,2026-07-02
ORD92242,C2275,SKU4422,S,Blue,2026-07-02
ORD92243,C2691,SKU4455,L,Blue,2026-09-04
ORD92244,C1261,SKU4430,S,Red,2026-09-08
ORD92245,C1138,SKU4430,M,Red,2026-08-03
ORD92246,C1071,SKU4422,M,White,2026-09-17
ORD92247,C1549,SKU4430,XL,Red,2026-07-01
ORD92248,C2412,SKU4421,XS,Yellow,2026-09-02
ORD92249,C1326,SKU4445,FREE,Green,2026-07-28
ORD92250,C2272,SKU4455,M,Blue,2026-07-08
ORD92251,C1295,SKU4440,S,Blue,2026-07-19
ORD92252,C2495,SKU4435,XL,Maroon,2026-09-14
ORD92253,C1833,SKU4435,XL,Green,2026-09-12
ORD92254,C1204,SKU4440,M,Black,2026-08-23
ORD92255,C1625,SKU4450,S,White,2026-07-25
ORD92256,C1972,SKU4430,XL,Red,2026-07-07
ORD92257,C2477,SKU4445,FREE,Pink,2026-08-23
ORD92258,C2194,SKU4440,M,White,2026-09-08
ORD92259,C1442,SKU4440,S,Black,2026-08-29
ORD92260,C1351,SKU4421,XS,Yellow,2026-08-27
ORD92261,C1084,SKU4421,XL,Blue,2026-09-11
ORD92262,C2015,SKU4435,S,Pink,2026-08-19
ORD92263,C1970,SKU4421,S,Yellow,2026-07-09
ORD92264,C1110,SKU4430,L,Red,2026-08-22
ORD92265,C2754,SKU4422,M,Green,2026-08-07
ORD92266,C1190,SKU4455,M,Black,2026-07-19
ORD92267,C2203,SKU4421,M,Pink,2026-07-28
ORD92268,C2263,SKU4450,XL,White,2026-08-18
ORD92269,C1049,SKU4440,L,Blue,2026-09-10
ORD92270,C2196,SKU4440,L,White,2026-08-15
ORD92271,C1217,SKU4421,XS,Pink,2026-07-14
ORD92272,C1349,SKU4421,XL,Yellow,2026-07-12
ORD92273,C2500,SKU4435,XL,Pink,2026-08-06
ORD92274,C2138,SKU4435,XL,Green,2026-08-31
ORD92275,C1949,SKU4450,XL,White,2026-07-28
ORD92276,C1551,SKU4421,XS,Yellow,2026-09-06
ORD92277,C2141,SKU4422,M,Green,2026-09-23
ORD92278,C1597,SKU4455,S,Blue,2026-09-01
ORD92279,C1089,SKU4440,S,White,2026-08-08
ORD92280,C1570,SKU4421,S,Blue,2026-07-30
ORD92281,C2032,SKU4435,L,Green,2026-07-06
ORD92282,C2405,SKU4421,S,Pink,2026-09-01
ORD92283,C1003,SKU4422,S,Green,2026-08-12
ORD92284,C1037,SKU4445,FREE,Red,2026-07-03
ORD92285,C1928,SKU4430,L,Mustard,2026-08-21
ORD92286,C2067,SKU4421,XS,Pink,2026-09-05
ORD92287,C1243,SKU4445,FREE,Red,2026-08-02
ORD92288,C2162,SKU4421,XL,Pink,2026-08-19
ORD92289,C1412,SKU4440,M,Black,2026-09-02
ORD92290,C1091,SKU4445,FREE,Green,2026-09-18
ORD92291,C2725,SKU4435,L,Green,2026-09-08
ORD92292,C1795,SKU4455,XL,Black,2026-08-03
ORD92293,C1567,SKU4421,XL,Yellow,2026-09-04
ORD92294,C1912,SKU4422,S,White,2026-08-01
ORD92295,C1387,SKU4445,FREE,Red,2026-07-03
ORD92296,C1416,SKU4450,S,White,2026-08-16
ORD92297,C1914,SKU4422,XL,Green,2026-07-04
ORD92298,C2441,SKU4455,L,Black,2026-09-13
ORD92299,C1195,SKU4430,XL,Red,2026-07-07
ORD92300,C1455,SKU4440,M,Black,2026-09-22
ORD92301,C1800,SKU4440,L,Black,2026-07-20
ORD92302,C2410,SKU4435,S,Green,2026-08-03
ORD92303,C1394,SKU4421,S,Blue,2026-09-20
ORD92304,C1035,SKU4422,M,Green,2026-08-28
ORD92305,C1361,SKU4421,L,Pink,2026-09-19
ORD92306,C2363,SKU4455,L,Blue,2026-08-06
ORD92307,C2232,SKU4430,S,Red,2026-08-29
ORD92308,C1110,SKU4421,L,Blue,2026-07-04
ORD92309,C1874,SKU4422,M,Blue,2026-09-19
ORD92310,C2485,SKU4430,L,Black,2026-08-18
ORD92311,C1180,SKU4430,S,Red,2026-09-18
ORD92312,C1419,SKU4421,L,Yellow,2026-09-19
ORD92313,C1716,SKU4430,M,Black,2026-07-31
ORD92314,C1346,SKU4430,XL,Black,2026-09-07
ORD92315,C2691,SKU4430,S,Mustard,2026-07-17
ORD92316,C2043,SKU4455,XL,Black,2026-07-01
ORD92317,C1312,SKU4430,XL,Black,2026-08-21
ORD92318,C1837,SKU4422,S,Blue,2026-08-26
ORD92319,C1969,SKU4430,L,Mustard,2026-08-07
ORD92320,C2308,SKU4421,S,Yellow,2026-07-08
ORD92321,C1621,SKU4421,L,Pink,2026-09-04
ORD92322,C1481,SKU4435,L,Maroon,2026-07-17
ORD92323,C1629,SKU4422,M,Green,2026-07-07
ORD92324,C1226,SKU4450,XL,Peach,2026-07-20
ORD92325,C2511,SKU4430,XL,Black,2026-09-16
ORD92326,C1035,SKU4422,L,Blue,2026-07-23
ORD92327,C2676,SKU4440,L,White,2026-09-21
ORD92328,C1461,SKU4450,XL,White,2026-08-09
ORD92329,C2651,SKU4440,L,Blue,2026-09-03
ORD92330,C2641,SKU4421,XL,Blue,2026-09-14
ORD92331,C2773,SKU4421,L,Blue,2026-08-03
ORD92332,C1372,SKU4430,S,Red,2026-07-06
ORD92333,C2344,SKU4450,L,Mustard,2026-07-26
ORD92334,C1242,SKU4421,S,Pink,2026-07-04
ORD92335,C1868,SKU4421,XL,Yellow,2026-09-06
ORD92336,C1914,SKU4455,M,Blue,2026-09-15
ORD92337,C2653,SKU4440,S,Black,2026-07-12
ORD92338,C2665,SKU4455,M,Black,2026-08-30
ORD92339,C2207,SKU4421,L,Yellow,2026-07-13
ORD92340,C2290,SKU4445,FREE,Red,2026-07-14
ORD92341,C2538,SKU4450,M,Mustard,2026-09-17
ORD92342,C2327,SKU4445,FREE,Red,2026-09-13
ORD92343,C1019,SKU4455,XL,Black,2026-08-16
ORD92344,C1691,SKU4421,L,Blue,2026-07-29
ORD92345,C2143,SKU4445,FREE,Pink,2026-07-22
ORD92346,C1965,SKU4450,XL,Peach,2026-07-01
ORD92347,C1958,SKU4435,S,Pink,2026-07-30
ORD92348,C2004,SKU4440,XL,White,2026-08-31
ORD92349,C1082,SKU4435,XL,Green,2026-07-30
ORD92350,C2634,SKU4430,S,Red,2026-07-24
ORD92351,C1953,SKU4421,XL,Blue,2026-08-15
ORD92352,C1526,SKU4435,S,Maroon,2026-09-22
ORD92353,C1381,SKU4430,M,Red,2026-08-20
ORD92354,C2616,SKU4450,XL,Peach,2026-07-05
ORD92355,C2734,SKU4440,XL,Blue,2026-08-15
ORD92356,C2640,SKU4430,XL,Red,2026-08-19
ORD92357,C2413,SKU4440,S,White,2026-09-18
ORD92358,C1183,SKU4440,L,Blue,2026-07-19
ORD92359,C1795,SKU4445,FREE,Pink,2026-07-19
ORD92360,C2772,SKU4445,FREE,Green,2026-09-07
ORD92361,C1135,SKU4421,XL,Blue,2026-09-03
ORD92362,C2230,SKU4421,XS,Yellow,2026-08-24
ORD92363,C1095,SKU4421,XS,Blue,2026-07-30
ORD92364,C2473,SKU4430,S,Black,2026-08-30
ORD92365,C1827,SKU4450,XL,Peach,2026-08-07
ORD92366,C2126,SKU4422,L,White,2026-08-09
ORD92367,C2021,SKU4421,XS,Pink,2026-08-05
ORD92368,C2679,SKU4445,FREE,Pink,2026-09-03
ORD92369,C1505,SKU4450,S,Mustard,2026-08-30
ORD92370,C2577,SKU4430,S,Red,2026-09-08
ORD92371,C2749,SKU4430,L,Red,2026-08-18
ORD92372,C1465,SKU4421,XL,Blue,2026-07-21
ORD92373,C2553,SKU4421,M,Blue,2026-08-25
ORD92374,C1959,SKU4455,L,Black,2026-08-29
ORD92375,C1943,SKU4430,XL,Red,2026-07-04
ORD92376,C1786,SKU4450,XL,White,2026-08-16
ORD92377,C2541,SKU4445,FREE,Green,2026-09-21
ORD92378,C1996,SKU4440,S,Black,2026-07-13
ORD92379,C1607,SKU4455,S,Blue,2026-08-26
ORD92380,C2375,SKU4450,L,Peach,2026-08-28
ORD92381,C1531,SKU4421,XL,Pink,2026-08-12
ORD92382,C1923,SKU4430,XXL,Black,2026-07-19
ORD92383,C1853,SKU4435,L,Maroon,2026-08-27
ORD92384,C2399,SKU4421,L,Yellow,2026-08-18
ORD92385,C1256,SKU4435,M,Green,2026-09-16
ORD92386,C1361,SKU4450,XL,Peach,2026-07-30
ORD92387,C1878,SKU4421,M,Yellow,2026-08-27
ORD92388,C2511,SKU4445,FREE,Red,2026-09-22
ORD92389,C1948,SKU4430,XL,Mustard,2026-09-15
ORD92390,C2741,SKU4430,L,Red,2026-08-25
ORD92391,C1369,SKU4450,XL,Peach,2026-07-27
ORD92392,C1247,SKU4440,XL,White,2026-09-16
ORD92393,C1322,SKU4421,S,Pink,2026-08-07
ORD92394,C2714,SKU4435,S,Green,2026-08-04
ORD92395,C1359,SKU4440,M,Black,2026-08-17
ORD92396,C2754,SKU4450,S,White,2026-09-13
ORD92397,C2164,SKU4422,M,Blue,2026-08-22
ORD92398,C1550,SKU4421,M,Pink,2026-08-20
ORD92399,C2778,SKU4421,L,Yellow,2026-07-04
ORD92400,C1067,SKU4421,M,Yellow,2026-07-02
ORD92401,C1570,SKU4450,XL,White,2026-09-11
ORD92402,C2105,SKU4430,M,Mustard,2026-07-01
ORD92403,C1124,SKU4440,XL,White,2026-08-03
ORD92404,C1222,SKU4430,XXL,Mustard,2026-08-11
ORD92405,C2435,SKU4422,M,White,2026-08-29
ORD92406,C1327,SKU4445,FREE,Green,2026-07-12
ORD92407,C2335,SKU4421,L,Pink,2026-08-14
ORD92408,C2132,SKU4430,M,Black,2026-07-22
ORD92409,C1542,SKU4430,M,Mustard,2026-09-01
ORD92410,C2480,SKU4440,L,Black,2026-08-27
ORD92411,C2157,SKU4422,S,Blue,2026-07-14
ORD92412,C2580,SKU4450,S,White,2026-07-24
ORD92413,C1355,SKU4440,S,Blue,2026-07-29
ORD92414,C1354,SKU4430,M,Red,2026-07-27
ORD92415,C1672,SKU4440,M,White,2026-08-06
ORD92416,C2189,SKU4440,S,Black,2026-08-21
ORD92417,C2277,SKU4435,L,Pink,2026-07-27
ORD92418,C2321,SKU4435,L,Pink,2026-09-07
ORD92419,C1274,SKU4430,XXL,Mustard,2026-09-17
ORD92420,C1405,SKU4421,S,Blue,2026-08-21
ORD92421,C2274,SKU4440,M,White,2026-08-13
ORD92422,C1914,SKU4421,S,Pink,2026-08-20
ORD92423,C1210,SKU4422,XL,Green,2026-08-19
ORD92424,C1246,SKU4422,S,Blue,2026-08-24
ORD92425,C2214,SKU4445,FREE,Red,2026-09-12
ORD92426,C1553,SKU4445,FREE,Pink,2026-07-18
ORD92427,C2310,SKU4445,FREE,Red,2026-09-13
ORD92428,C1993,SKU4422,S,Blue,2026-08-26
ORD92429,C2239,SKU4435,M,Green,2026-08-29
ORD92430,C1191,SKU4430,L,Red,2026-07-20
ORD92431,C2434,SKU4422,L,Blue,2026-08-11
ORD92432,C1619,SKU4450,M,Peach,2026-07-01
ORD92433,C2298,SKU4435,S,Green,2026-09-02
ORD92434,C2206,SKU4440,M,Black,2026-07-22
ORD92435,C2787,SKU4435,L,Maroon,2026-08-15
ORD92436,C2362,SKU4421,M,Blue,2026-09-08
ORD92437,C2455,SKU4435,L,Pink,2026-08-25
ORD92438,C1545,SKU4421,S,Pink,2026-09-04
ORD92439,C1624,SKU4421,XL,Pink,2026-08-16
ORD92440,C1164,SKU4450,L,Peach,2026-08-17
ORD92441,C1375,SKU4430,XXL,Red,2026-07-23
ORD92442,C1722,SKU4421,XS,Yellow,2026-07-24
ORD92443,C1915,SKU4440,XL,Black,2026-08-08
ORD92444,C2323,SKU4430,XXL,Black,2026-07-24
ORD92445,C1855,SKU4421,XS,Yellow,2026-09-22
ORD92446,C1839,SKU4450,XL,White,2026-07-18
ORD92447,C1739,SKU4422,L,White,2026-09-13
ORD92448,C1080,SKU4422,XL,Green,2026-09-21
ORD92449,C2212,SKU4430,XL,Red,2026-07-12
ORD92450,C2083,SKU4450,S,Mustard,2026-07-03
ORD92451,C1576,SKU4435,XL,Maroon,2026-08-20
ORD92452,C2755,SKU4421,L,Yellow,2026-07-19
ORD92453,C1409,SKU4421,L,Blue,2026-07-18
ORD92454,C2533,SKU4430,L,Black,2026-07-15
ORD92455,C2071,SKU4422,XL,Blue,2026-08-19
ORD92456,C2618,SKU4455,S,Black,2026-07-27
ORD92457,C1877,SKU4430,XXL,Red,2026-08-05
ORD92458,C2127,SKU4435,L,Maroon,2026-09-04
ORD92459,C1613,SKU4455,XL,Blue,2026-07-23
ORD92460,C1448,SKU4421,S,Blue,2026-09-10
ORD92461,C1344,SKU4422,L,White,2026-09-02
ORD92462,C2687,SKU4430,L,Red,2026-09-03
ORD92463,C2790,SKU4422,S,White,2026-08-15
ORD92464,C1856,SKU4435,M,Green,2026-07-18
ORD92465,C2056,SKU4421,L,Pink,2026-07-26
ORD92466,C1006,SKU4445,FREE,Green,2026-07-02
ORD92467,C1986,SKU4422,L,Blue,2026-08-10
ORD92468,C1480,SKU4422,S,Green,2026-08-05
ORD92469,C2599,SKU4440,S,Black,2026-09-13
ORD92470,C1102,SKU4435,L,Pink,2026-08-24
ORD92471,C1601,SKU4450,XL,Peach,2026-07-13
ORD92472,C1936,SKU4435,L,Green,2026-07-28
ORD92473,C2546,SKU4450,M,Peach,2026-08-19
ORD92474,C1608,SKU4435,S,Green,2026-09-23
ORD92475,C2169,SKU4421,M,Yellow,2026-09-16
ORD92476,C2330,SKU4435,L,Maroon,2026-08-28
ORD92477,C1744,SKU4440,S,White,2026-07-31
ORD92478,C1466,SKU4450,S,Mustard,2026-07-05
ORD92479,C1503,SKU4430,XL,Mustard,2026-09-04
ORD92480,C1045,SKU4430,XL,Mustard,2026-07-28
ORD92481,C1374,SKU4435,S,Pink,2026-07-18
ORD92482,C1575,SKU4430,XL,Mustard,2026-09-21
ORD92483,C2038,SKU4440,XL,Blue,2026-09-21
ORD92484,C2655,SKU4422,L,Blue,2026-09-15
ORD92485,C1418,SKU4430,M,Mustard,2026-08-23
ORD92486,C2519,SKU4450,XL,Mustard,2026-07-04
ORD92487,C1619,SKU4450,L,White,2026-09-20
ORD92488,C1120,SKU4421,XS,Yellow,2026-08-28
ORD92489,C2116,SKU4450,XL,Peach,2026-07-10
ORD92490,C1800,SKU4440,XL,Black,2026-08-22
ORD92491,C2183,SKU4450,S,Mustard,2026-07-21
ORD92492,C2658,SKU4440,S,White,2026-07-25
ORD92493,C2671,SKU4422,S,Blue,2026-09-11
ORD92494,C1857,SKU4422,S,Blue,2026-07-20
ORD92495,C1185,SKU4455,M,Blue,2026-08-29
ORD92496,C2250,SKU4455,S,Black,2026-08-09
ORD92497,C1422,SKU4430,L,Red,2026-07-04
ORD92498,C1669,SKU4440,M,Black,2026-07-31
ORD92499,C1734,SKU4455,S,Blue,2026-08-06
ORD92500,C1779,SKU4440,XL,White,2026-07-04
ORD92501,C1388,SKU4421,M,Yellow,2026-08-26
ORD92502,C2603,SKU4422,M,White,2026-07-19
ORD92503,C1228,SKU4440,S,White,2026-09-07
ORD92504,C1771,SKU4435,S,Green,2026-09-20
ORD92505,C1703,SKU4422,M,Blue,2026-07-15
ORD92506,C2332,SKU4435,S,Maroon,2026-08-18
ORD92507,C1190,SKU4450,M,Peach,2026-09-04
ORD92508,C1974,SKU4422,XL,White,2026-07-15
ORD92509,C1823,SKU4440,S,White,2026-07-21
ORD92510,C2333,SKU4422,XL,Blue,2026-07-23
ORD92511,C2540,SKU4430,L,Mustard,2026-08-11
ORD92512,C2057,SKU4440,S,White,2026-07-19
ORD92513,C2313,SKU4440,L,Blue,2026-07-24
ORD92514,C2105,SKU4440,S,Black,2026-08-23
ORD92515,C1067,SKU4430,M,Red,2026-09-10
ORD92516,C1934,SKU4450,M,Peach,2026-07-16
ORD92517,C1684,SKU4440,M,Blue,2026-08-02
ORD92518,C1365,SKU4440,XL,Black,2026-07-11
ORD92519,C1319,SKU4422,S,Blue,2026-07-12
ORD92520,C2129,SKU4430,M,Red,2026-07-24
ORD92521,C1511,SKU4440,XL,Blue,2026-07-08
ORD92522,C2544,SKU4440,XL,Black,2026-07-17
ORD92523,C1086,SKU4430,M,Mustard,2026-08-09
ORD92524,C2543,SKU4422,XL,Green,2026-09-03
ORD92525,C2790,SKU4422,M,White,2026-08-15
ORD92526,C1756,SKU4430,XL,Red,2026-09-05
ORD92527,C1260,SKU4445,FREE,Red,2026-07-26
ORD92528,C2588,SKU4421,L,Blue,2026-09-16
ORD92529,C1264,SKU4435,L,Pink,2026-07-10
ORD92530,C1276,SKU4430,XL,Mustard,2026-07-23
ORD92531,C1339,SKU4455,M,Black,2026-07-24
ORD92532,C1853,SKU4440,M,Black,2026-08-19
ORD92533,C1706,SKU4455,XL,Blue,2026-07-25
ORD92534,C1656,SKU4455,M,Blue,2026-07-28
ORD92535,C1950,SKU4445,FREE,Green,2026-09-04
ORD92536,C1025,SKU4430,M,Black,2026-08-25
ORD92537,C2775,SKU4422,M,White,2026-09-05
ORD92538,C1409,SKU4450,M,White,2026-08-11
ORD92539,C1824,SKU4445,FREE,Red,2026-07-17
ORD92540,C2354,SKU4445,FREE,Pink,2026-09-22
ORD92541,C1144,SKU4421,M,Yellow,2026-09-11
ORD92542,C2106,SKU4435,S,Pink,2026-09-17
ORD92543,C2520,SKU4430,XL,Black,2026-07-21
ORD92544,C1674,SKU4455,M,Black,2026-07-02
ORD92545,C1374,SKU4445,FREE,Red,2026-09-05
ORD92546,C1873,SKU4450,S,Peach,2026-09-01
ORD92547,C2270,SKU4455,S,Black,2026-09-10
ORD92548,C2093,SKU4455,S,Black,2026-08-21
ORD92549,C1503,SKU4421,L,Yellow,2026-08-16
ORD92550,C1205,SKU4421,XL,Blue,2026-08-22
ORD92551,C2551,SKU4430,L,Black,2026-07-20
ORD92552,C1507,SKU4455,L,Blue,2026-08-09
ORD92553,C1651,SKU4430,L,Red,2026-07-21
ORD92554,C2267,SKU4421,S,Blue,2026-09-23
ORD92555,C2003,SKU4430,S,Red,2026-09-02
ORD92556,C1127,SKU4440,S,White,2026-08-14
ORD92557,C1092,SKU4421,XL,Yellow,2026-07-23
ORD92558,C2223,SKU4430,XXL,Mustard,2026-09-13
ORD92559,C1941,SKU4440,XL,Black,2026-07-27
ORD92560,C1052,SKU4421,M,Blue,2026-08-25
ORD92561,C1645,SKU4455,XL,Blue,2026-07-29
ORD92562,C1658,SKU4455,S,Black,2026-08-22
ORD92563,C1720,SKU4422,L,White,2026-08-04
ORD92564,C2627,SKU4455,S,Blue,2026-09-10
ORD92565,C2492,SKU4421,M,Yellow,2026-07-11
ORD92566,C2471,SKU4421,L,Blue,2026-08-04
ORD92567,C2364,SKU4430,L,Red,2026-09-16
ORD92568,C1103,SKU4430,XL,Black,2026-07-01
ORD92569,C1653,SKU4440,S,Blue,2026-08-09
ORD92570,C2237,SKU4421,M,Pink,2026-08-01
ORD92571,C2647,SKU4445,FREE,Red,2026-07-11
ORD92572,C2571,SKU4440,XL,White,2026-07-21
ORD92573,C2680,SKU4445,FREE,Green,2026-08-17
ORD92574,C2351,SKU4430,L,Mustard,2026-07-03
ORD92575,C1322,SKU4435,M,Green,2026-08-11
ORD92576,C2452,SKU4430,XL,Black,2026-08-25
ORD92577,C1270,SKU4450,M,Mustard,2026-08-23
ORD92578,C2035,SKU4445,FREE,Pink,2026-07-06
ORD92579,C1344,SKU4440,XL,Black,2026-09-15
ORD92580,C1205,SKU4440,M,White,2026-08-18
ORD92581,C1702,SKU4435,L,Pink,2026-07-07
ORD92582,C1462,SKU4455,M,Blue,2026-08-10
ORD92583,C1558,SKU4435,S,Green,2026-08-31
ORD92584,C2768,SKU4422,XL,Blue,2026-07-08
ORD92585,C1163,SKU4450,M,Peach,2026-07-26
ORD92586,C2685,SKU4421,L,Yellow,2026-07-10
ORD92587,C1862,SKU4430,M,Mustard,2026-08-04
ORD92588,C2787,SKU4435,XL,Green,2026-07-17
ORD92589,C1475,SKU4422,XL,White,2026-08-16
ORD92590,C1616,SKU4421,L,Pink,2026-09-07
ORD92591,C1759,SKU4430,M,Black,2026-07-02
ORD92592,C1337,SKU4450,S,Peach,2026-07-16
ORD92593,C1750,SKU4445,FREE,Green,2026-09-15
ORD92594,C1101,SKU4421,S,Blue,2026-07-06
ORD92595,C1714,SKU4435,S,Maroon,2026-08-29
ORD92596,C2661,SKU4455,L,Black,2026-08-02
ORD92597,C1585,SKU4440,M,Black,2026-08-10
ORD92598,C1461,SKU4455,L,Black,2026-08-12
ORD92599,C1247,SKU4421,XS,Yellow,2026-09-10
ORD92600,C2084,SKU4440,L,Blue,2026-08-14
ORD89004,C1778,SKU4422,L,White,2026-07-12
